shot_id,shot_made_flag,Prediction
1,0,0.33474523
8,0,0.2834546
17,1,0.6907789
20,1,0.7122675
33,0,0.33597946
34,0,0.39850393
35,0,0.44706056
36,0,0.4062605
37,1,0.56486845
38,0,0.4131214
45,0,0.44093588
50,0,0.37126955
55,0,0.28074795
60,0,0.2903682
66,0,0.4118343
67,0,0.38748285
71,0,0.37654173
80,0,0.37190026
85,0,0.41336155
86,1,0.5139111
95,1,0.51337636
104,0,0.4057954
113,0,0.3890118
123,0,0.387547
126,1,0.50456417
133,0,0.43210122
141,0,0.3603526
144,0,0.3652666
150,1,0.7100158
152,0,0.38484603
153,1,0.7100158
156,0,0.26769993
159,1,0.90559393
165,1,0.83023465
172,0,0.40444708
182,1,0.9190608
192,0,0.36672255
193,1,0.6084777
196,0,0.38951677
202,0,0.40063933
210,0,0.33462596
211,0,0.39053088
228,1,0.9620487
257,0,0.42675894
260,0,0.42675894
264,0,0.3879126
267,0,0.44138485
279,1,0.91128945
282,0,0.4194884
293,0,0.4035159
299,1,0.536332
300,1,0.52780676
301,1,0.52057236
317,0,0.30113748
327,0,0.37583524
328,0,0.38885546
335,0,0.3863546
346,1,0.6550563
348,0,0.36125115
365,0,0.37632006
390,1,0.6999849
391,1,0.6999849
392,0,0.4750961
397,0,0.33116218
418,0,0.39261252
428,0,0.40223867
434,1,0.58995885
439,0,0.48593053
440,0,0.3489785
456,0,0.39643148
459,0,0.388854
472,0,0.42071795
480,0,0.41660258
491,0,0.38992578
497,0,0.40764377
509,0,0.28288552
511,0,0.38033628
523,0,0.40343046
533,0,0.3946943
544,0,0.41723278
546,0,0.36157376
555,1,0.7345327
558,0,0.295205
560,0,0.3841458
573,0,0.38273543
591,0,0.4089417
596,0,0.40728706
597,0,0.36496758
601,1,0.56800497
605,0,0.4402658
617,0,0.38251185
628,0,0.3824954
634,0,0.35040042
646,0,0.37259609
649,0,0.41013864
651,1,0.57645094
654,1,0.8267411
656,0,0.40924653
657,0,0.40461087
669,0,0.37205496
670,1,0.92406964
693,1,0.5572431
694,0,0.4221095
699,0,0.39241177
711,0,0.37816995
718,0,0.36325878
722,0,0.37814546
723,0,0.35280862
725,1,0.72997063
734,0,0.36994532
735,0,0.27016512
737,1,0.6622985
746,0,0.40111244
747,1,0.60452837
766,0,0.29289925
767,0,0.38535318
771,0,0.40528482
773,0,0.35554084
774,0,0.3773577
783,0,0.4101381
784,0,0.3413415
789,0,0.39521384
792,0,0.38736457
804,0,0.3660801
809,0,0.33930203
812,0,0.35625225
813,0,0.36727473
817,0,0.42708063
820,0,0.412384
825,0,0.38877514
826,0,0.39128646
829,0,0.27829224
855,0,0.36290762
859,1,0.5716982
862,0,0.37776726
870,0,0.35860065
876,0,0.3431692
880,0,0.3931238
886,1,0.9392801
889,0,0.4808847
891,0,0.2882298
897,1,0.92770356
902,0,0.34607643
903,0,0.38124347
908,0,0.33876625
909,0,0.3895633
920,0,0.31247264
922,0,0.4082981
924,0,0.47102746
932,0,0.3376613
934,0,0.3022248
937,0,0.36313686
941,0,0.38565582
943,0,0.39818475
950,0,0.4052887
952,0,0.34875464
954,1,0.92862904
963,0,0.37342995
975,0,0.37866178
979,0,0.39129686
981,0,0.42152974
983,0,0.35198548
985,0,0.26219103
989,0,0.3522766
995,0,0.41514942
998,0,0.24080221
1008,0,0.38981435
1019,1,0.66196936
1023,0,0.38169193
1026,0,0.36695978
1029,1,0.53706104
1034,1,0.54854053
1036,1,0.61291593
1038,0,0.4099016
1039,0,0.4781794
1051,0,0.41342014
1052,0,0.3935156
1066,0,0.41064122
1087,0,0.4025264
1092,0,0.40612182
1094,1,0.61430585
1098,0,0.39971033
1099,0,0.29421368
1102,0,0.3645111
1118,0,0.40250048
1131,0,0.4299755
1133,1,0.7460196
1135,1,0.9384655
1138,0,0.42219716
1139,1,0.9119136
1142,0,0.354008
1151,1,0.5083761
1152,0,0.40387598
1155,1,0.6746848
1165,0,0.37619653
1167,1,0.86208177
1172,1,0.5031448
1174,1,0.6847781
1180,0,0.32937872
1200,0,0.3638097
1202,0,0.34940216
1227,1,0.53882504
1228,1,0.68778074
1229,0,0.41447678
1237,0,0.3780391
1241,0,0.4128922
1256,0,0.40308806
1279,0,0.39957964
1293,0,0.41875052
1295,0,0.4084383
1319,1,0.7656817
1320,0,0.3724789
1321,1,0.7118058
1322,1,0.69779104
1334,0,0.29331252
1351,1,0.76186305
1373,0,0.33466908
1375,0,0.33925465
1380,0,0.39685792
1382,1,0.70777756
1385,0,0.3974383
1399,0,0.42427087
1403,1,0.944752
1428,0,0.3933196
1434,0,0.30084744
1444,1,0.9305199
1448,0,0.3779287
1466,1,0.5466549
1476,0,0.3637822
1478,0,0.3827693
1485,0,0.41032216
1491,1,0.78958917
1494,1,0.678126
1500,0,0.24236485
1501,1,0.54310966
1503,0,0.4352859
1519,1,0.58786285
1524,0,0.40368
1529,1,0.65329516
1533,1,0.57443416
1538,1,0.94435775
1539,0,0.35980466
1546,0,0.33700594
1555,0,0.42645526
1559,0,0.3989989
1563,1,0.7758001
1565,1,0.8005329
1574,0,0.37460637
1591,0,0.38191292
1594,0,0.40245074
1605,0,0.3886283
1611,0,0.42149553
1614,0,0.38253903
1620,0,0.39389274
1626,0,0.39990765
1630,0,0.38464388
1632,0,0.2945408
1634,0,0.41671315
1643,0,0.3991425
1651,0,0.4135081
1655,0,0.42470542
1658,0,0.38952777
1659,0,0.4064209
1665,0,0.3693409
1675,0,0.40416598
1680,1,0.8725569
1690,0,0.41613886
1696,0,0.35041103
1714,0,0.4134987
1721,0,0.39091647
1726,0,0.39639848
1728,0,0.39621037
1734,0,0.4047792
1735,0,0.3947702
1740,0,0.41821364
1744,1,0.53192556
1747,0,0.41142046
1752,0,0.3900627
1763,1,0.82834923
1765,1,0.82834923
1769,0,0.39680743
1785,1,0.6841777
1787,0,0.4104689
1788,0,0.26624733
1793,0,0.4014668
1800,0,0.40410691
1825,0,0.36418262
1826,1,0.6867034
1834,0,0.3317286
1843,0,0.37916315
1844,0,0.39314845
1848,0,0.3753805
1849,0,0.28224272
1860,0,0.3204233
1863,0,0.3204233
1875,1,0.5601524
1883,0,0.4042744
1890,0,0.3498272
1892,0,0.36710322
1893,0,0.41017643
1897,0,0.43430245
1905,0,0.39495814
1908,1,0.7412139
1931,0,0.39189705
1940,1,0.8824815
1943,0,0.38202286
1947,0,0.32417995
1965,1,0.64603746
1967,0,0.41652825
1968,0,0.41734385
1972,1,0.7958894
1982,0,0.39971742
1985,0,0.4053764
2005,1,0.58782834
2010,1,0.60143405
2021,0,0.42354196
2024,1,0.53521234
2036,0,0.41522467
2043,1,0.6095749
2047,0,0.45729616
2049,0,0.39388517
2055,0,0.38949126
2065,0,0.42831492
2066,0,0.39839742
2070,0,0.35157138
2077,1,0.9297831
2085,1,0.74456704
2095,1,0.556087
2097,1,0.5453246
2108,0,0.28931916
2112,1,0.7574341
2113,1,0.80047554
2122,0,0.37059957
2139,0,0.4507633
2144,1,0.5493716
2146,0,0.42610145
2148,0,0.38564497
2149,1,0.5988447
2157,0,0.36462554
2159,0,0.37358007
2168,0,0.39510196
2176,0,0.3795194
2178,1,0.6245154
2181,0,0.40510312
2187,1,0.50995934
2188,0,0.39852244
2190,0,0.40768933
2194,0,0.27592853
2197,0,0.37242496
2214,0,0.30539128
2217,0,0.31059033
2222,0,0.38988173
2223,0,0.3950446
2226,0,0.39849022
2230,1,0.58566236
2240,0,0.2621227
2247,0,0.3613266
2250,0,0.36411512
2259,1,0.53028196
2262,0,0.42654392
2266,0,0.40842295
2305,0,0.42286256
2310,0,0.3551027
2313,0,0.25345668
2319,1,0.5672878
2320,1,0.66387326
2345,0,0.3696241
2350,1,0.5630115
2356,0,0.40283775
2360,1,0.5565101
2370,0,0.39434397
2386,0,0.38462985
2398,0,0.295064
2414,1,0.70741147
2435,1,0.87788826
2439,0,0.4964668
2446,1,0.8735531
2458,0,0.40597534
2465,0,0.38689342
2466,0,0.42623416
2470,0,0.33999422
2495,1,0.8005638
2501,0,0.38087448
2507,0,0.43039367
2533,0,0.28872612
2537,0,0.39655125
2538,0,0.3967533
2541,0,0.37736672
2542,1,0.7843376
2544,1,0.71126
2554,0,0.42494586
2555,0,0.39850217
2565,0,0.35691705
2575,1,0.73613346
2586,0,0.33614677
2588,0,0.38644743
2594,1,0.73474574
2617,0,0.37956023
2618,0,0.41186392
2623,1,0.96530193
2631,0,0.38829383
2640,0,0.3628874
2642,1,0.85656416
2647,0,0.3773109
2663,0,0.37705073
2664,0,0.40998346
2676,0,0.4021493
2680,1,0.96304864
2681,0,0.37883088
2691,0,0.39091504
2693,0,0.41604888
2695,0,0.35355332
2704,0,0.36966094
2708,0,0.305781
2709,1,0.9569839
2717,1,0.86253816
2722,0,0.42298695
2728,0,0.3920162
2732,1,0.8487128
2743,1,0.52858025
2752,0,0.43673834
2757,1,0.7270677
2761,0,0.27385685
2769,0,0.42883015
2771,0,0.3083488
2774,0,0.37925532
2776,0,0.3883067
2781,0,0.38495478
2793,0,0.42412785
2799,0,0.33336377
2803,0,0.40786973
2811,0,0.42124313
2818,0,0.43016717
2824,0,0.40669248
2828,1,0.83887273
2829,0,0.39992002
2830,0,0.44436395
2842,1,0.83447444
2847,1,0.68120915
2848,0,0.3910329
2868,0,0.36844507
2870,0,0.3537775
2885,0,0.38599312
2886,0,0.38161147
2889,0,0.46286738
2903,0,0.45049834
2904,1,0.84909236
2918,1,0.63216096
2919,0,0.41390607
2922,0,0.46386227
2923,0,0.44867137
2931,0,0.35339928
2945,0,0.3906011
2955,0,0.4077446
2957,0,0.44587794
2960,1,0.6794819
2963,0,0.40869159
2966,1,0.80519277
2972,1,0.75880355
2974,0,0.40756553
2982,0,0.41874337
2984,1,0.74780536
3016,0,0.29737043
3021,0,0.41014537
3023,1,0.89115864
3025,0,0.46537957
3029,0,0.37585825
3034,1,0.853038
3038,0,0.41871044
3040,0,0.44925153
3051,1,0.53509015
3062,0,0.4187931
3069,0,0.3863422
3071,0,0.40771356
3076,1,0.94150877
3079,0,0.4394051
3081,0,0.46439958
3082,0,0.3980339
3084,1,0.7659993
3098,0,0.37346238
3104,0,0.38052884
3105,0,0.3662191
3114,1,0.68805224
3118,0,0.3749269
3122,0,0.3794028
3132,0,0.3801773
3138,0,0.4192506
3141,0,0.3048486
3156,1,0.509864
3162,1,0.736435
3167,0,0.35139185
3170,0,0.4065418
3171,0,0.3384001
3172,0,0.36218786
3176,1,0.9564327
3180,0,0.39979857
3189,0,0.42410967
3198,0,0.38788638
3206,0,0.40051478
3215,0,0.33820847
3222,1,0.5964527
3228,0,0.40746737
3229,0,0.39918417
3232,0,0.35672843
3233,0,0.3270401
3238,0,0.39757347
3256,0,0.34203327
3264,0,0.4242458
3273,0,0.4050624
3275,1,0.7302077
3285,1,0.6436009
3289,0,0.36387953
3294,0,0.3440569
3306,0,0.31755006
3311,1,0.8313006
3318,0,0.41296235
3322,1,0.5495274
3324,0,0.4105835
3334,0,0.44378632
3341,0,0.413154
3345,0,0.41277075
3346,1,0.8909269
3352,0,0.40251184
3368,0,0.41659117
3371,0,0.32483116
3372,0,0.41293815
3375,0,0.41673627
3384,0,0.35531574
3387,0,0.35726273
3393,0,0.4268657
3406,0,0.40019783
3411,1,0.7182797
3412,1,0.71908015
3414,1,0.5341529
3417,1,0.58067596
3420,1,0.8688501
3423,1,0.86363363
3436,0,0.3736152
3438,1,0.7867011
3442,0,0.3650014
3443,0,0.3594748
3451,0,0.34909073
3461,0,0.3933698
3489,0,0.32715082
3491,1,0.6117515
3510,1,0.6241063
3515,1,0.5345856
3527,0,0.4096768
3530,0,0.34576628
3540,0,0.31577054
3582,0,0.40661025
3604,0,0.3840223
3605,0,0.38875493
3609,0,0.35465103
3624,0,0.37035
3628,1,0.7677866
3630,0,0.39543426
3641,0,0.3835244
3642,0,0.3792301
3648,0,0.31542924
3650,1,0.9510944
3652,1,0.9442308
3660,0,0.40416983
3664,0,0.38391706
3670,0,0.44604173
3672,0,0.4067452
3680,0,0.30178547
3682,1,0.94089717
3685,1,0.72697186
3686,0,0.40610024
3689,0,0.40589967
3705,0,0.4175273
3712,0,0.39959925
3713,0,0.3347273
3719,0,0.39816034
3721,0,0.39846042
3723,1,0.532573
3724,0,0.39367077
3727,0,0.3794527
3733,0,0.48302582
3734,0,0.35244665
3742,0,0.3757612
3770,0,0.40509316
3777,0,0.33827737
3778,0,0.31972316
3780,0,0.39596674
3783,0,0.42830774
3784,0,0.3927282
3788,0,0.39231414
3790,0,0.38381398
3794,0,0.37442303
3795,0,0.37632114
3796,0,0.3677196
3801,1,0.52334726
3806,0,0.444889
3813,0,0.4090891
3814,0,0.43429956
3818,1,0.65063083
3824,0,0.40521282
3836,0,0.40465406
3853,0,0.41903812
3855,0,0.37021533
3858,0,0.26547348
3861,1,0.6888529
3866,0,0.40042928
3870,0,0.3168352
3874,1,0.948335
3876,0,0.3159514
3878,0,0.3638943
3890,0,0.3004376
3900,1,0.9121228
3904,0,0.32998464
3906,0,0.3247368
3907,0,0.34151614
3908,0,0.31229317
3912,0,0.21276623
3918,1,0.9268553
3923,1,0.91966826
3924,0,0.3136004
3925,0,0.23131482
3927,1,0.596189
3955,1,0.93496823
3964,0,0.2622682
3969,0,0.2622682
3974,0,0.4997596
3976,0,0.21855761
3984,0,0.3373442
3991,0,0.3155465
3993,1,0.9311239
4009,0,0.41929924
4011,0,0.3987343
4020,0,0.4073084
4033,0,0.31431237
4041,0,0.3982742
4045,1,0.8498902
4052,0,0.26798657
4055,0,0.368392
4056,0,0.39971718
4057,0,0.40221727
4067,1,0.948335
4069,0,0.37765282
4077,0,0.42706892
4094,0,0.38064682
4095,0,0.3881589
4100,0,0.41401434
4119,0,0.40304798
4130,1,0.70865947
4131,0,0.38090408
4132,0,0.47993922
4134,1,0.58685124
4137,1,0.8895978
4138,0,0.41336334
4143,0,0.3830078
4145,0,0.4509807
4148,0,0.40241146
4163,0,0.35777947
4166,0,0.39914352
4169,1,0.80447197
4170,0,0.35120535
4174,0,0.3794236
4180,0,0.3956002
4199,1,0.9531035
4201,0,0.38555032
4203,0,0.3055532
4210,0,0.24003984
4211,0,0.39870948
4213,1,0.9458609
4225,0,0.35851392
4235,0,0.34654742
4242,0,0.40398538
4245,0,0.32891968
4250,0,0.41251472
4252,0,0.38638297
4254,0,0.3113153
4263,0,0.29045904
4264,0,0.29045904
4268,0,0.28995958
4270,0,0.39469096
4282,1,0.81614554
4283,0,0.41014686
4291,0,0.34442893
4304,0,0.38174194
4306,0,0.33623898
4309,0,0.28758156
4310,0,0.3880646
4313,0,0.40004462
4314,0,0.39144686
4315,0,0.37256524
4321,0,0.33677322
4324,0,0.3148767
4325,0,0.37296692
4328,0,0.37745732
4329,0,0.36063924
4332,0,0.35070327
4337,0,0.40904275
4342,0,0.38005173
4344,0,0.36055708
4352,0,0.3439183
4355,0,0.31724098
4366,0,0.40274137
4371,0,0.41428006
4372,0,0.30383468
4376,0,0.4191755
4384,0,0.31542563
4387,0,0.41804042
4389,0,0.32829675
4390,0,0.39076626
4406,0,0.30064148
4407,1,0.78420967
4409,1,0.96558183
4410,1,0.8009303
4424,0,0.42996502
4434,0,0.38412368
4452,0,0.30314976
4460,0,0.33136934
4470,1,0.6988698
4480,0,0.36911067
4496,1,0.9596112
4503,0,0.39206293
4512,0,0.36721697
4518,1,0.6662126
4519,0,0.2874565
4522,0,0.3178359
4525,0,0.29855043
4537,1,0.5006018
4546,0,0.4123692
4547,1,0.9577402
4553,0,0.39207518
4556,0,0.31981298
4558,1,0.5794111
4563,0,0.31245697
4568,0,0.4008223
4574,1,0.8418223
4578,0,0.38673195
4587,0,0.32668623
4592,1,0.568358
4610,0,0.37377068
4615,0,0.401206
4619,0,0.28390196
4620,0,0.4712789
4625,1,0.54609305
4635,0,0.36984214
4636,0,0.40123597
4641,0,0.38247323
4650,0,0.37295356
4653,1,0.91194916
4665,0,0.3749461
4668,1,0.920432
4669,0,0.3090839
4670,0,0.41911334
4674,0,0.38503024
4675,0,0.39172748
4676,0,0.30189487
4679,0,0.41001913
4680,1,0.95219344
4686,0,0.42706922
4699,0,0.38947177
4713,1,0.6331955
4718,0,0.36152476
4721,0,0.37585604
4722,0,0.38749012
4724,0,0.35647506
4730,1,0.88431317
4731,0,0.42336878
4735,0,0.35058442
4743,0,0.30069116
4745,0,0.40050107
4746,0,0.49192804
4747,0,0.3590446
4748,0,0.39374974
4769,0,0.38612744
4771,0,0.3825031
4774,0,0.3580838
4784,0,0.37411892
4797,0,0.3805693
4801,1,0.5138941
4804,0,0.29771778
4820,0,0.41860476
4833,0,0.34672815
4834,0,0.35658282
4851,0,0.38889423
4859,0,0.30123332
4860,1,0.9638893
4863,0,0.34506512
4873,0,0.38564673
4881,0,0.3942756
4892,0,0.35651937
4908,0,0.35019675
4911,0,0.31981942
4915,0,0.37526786
4922,0,0.34321165
4929,0,0.25406712
4936,0,0.35555553
4939,0,0.42315942
4951,0,0.37935242
4956,0,0.3415595
4961,0,0.40547314
4964,0,0.392688
4981,0,0.3892957
4991,1,0.9311163
4992,0,0.42513505
4997,0,0.38991314
5004,0,0.42503878
5010,0,0.4091693
5012,0,0.39427626
5015,0,0.3333195
5020,0,0.3837911
5030,0,0.37983516
5051,1,0.9671829
5052,0,0.40472722
5057,1,0.8343075
5058,0,0.44052917
5060,0,0.38309842
5061,0,0.32809415
5064,0,0.46709844
5078,0,0.49115437
5080,1,0.54467833
5088,0,0.35269475
5089,1,0.69140184
5090,0,0.36874112
5103,1,0.87006843
5108,0,0.36935166
5114,0,0.38657275
5115,0,0.35031316
5124,1,0.76416737
5137,0,0.35565102
5139,0,0.3212162
5144,0,0.4012048
5149,1,0.8590493
5157,0,0.39101514
5163,0,0.39039624
5174,0,0.39757743
5176,0,0.36849138
5179,0,0.3489792
5186,0,0.37397382
5203,1,0.68279076
5204,1,0.86773753
5206,0,0.30067247
5207,1,0.5338533
5220,0,0.40152618
5221,1,0.8599805
5224,0,0.30336323
5227,0,0.38369367
5229,0,0.35740545
5232,1,0.87399393
5240,1,0.6933269
5242,0,0.40793827
5243,0,0.39449582
5245,1,0.72344786
5248,0,0.3510719
5249,0,0.40879256
5254,0,0.3445685
5269,0,0.389641
5272,0,0.38575417
5276,0,0.31552818
5286,1,0.7627031
5290,0,0.39467585
5308,0,0.35792154
5316,0,0.3090163
5318,0,0.37265295
5319,0,0.3227601
5320,1,0.69579464
5322,0,0.34484744
5324,0,0.3372568
5331,1,0.74846226
5336,1,0.9710862
5344,0,0.30697107
5354,0,0.29760224
5356,0,0.21210662
5358,0,0.40597868
5361,0,0.39617136
5365,1,0.76490545
5370,1,0.50544083
5376,0,0.36831033
5383,0,0.28904477
5384,0,0.3490883
5385,0,0.38813442
5393,1,0.86939895
5397,0,0.27947158
5398,0,0.38410813
5402,0,0.37644294
5407,1,0.72032386
5409,0,0.35474676
5425,0,0.2788281
5428,1,0.6224191
5430,0,0.36349493
5442,0,0.38056013
5447,0,0.3578851
5470,0,0.35070124
5485,0,0.3441626
5493,0,0.40800765
5502,1,0.6947291
5504,0,0.3040585
5517,0,0.40997356
5522,0,0.40197173
5527,1,0.84630823
5528,0,0.39102915
5536,1,0.6027523
5545,0,0.40654206
5576,0,0.39836812
5577,0,0.3446984
5592,0,0.39370495
5594,0,0.31381154
5595,0,0.3892829
5596,0,0.37369847
5599,0,0.4203739
5606,0,0.3742568
5617,0,0.33751976
5625,1,0.57208765
5626,0,0.39648706
5627,1,0.8659557
5642,1,0.8522741
5659,1,0.96282697
5664,1,0.87553066
5666,1,0.572036
5671,0,0.41070166
5674,0,0.37887478
5677,1,0.5141632
5681,0,0.29474032
5683,0,0.1798129
5700,1,0.61791456
5713,0,0.42442665
5715,0,0.42442665
5718,0,0.3227136
5726,1,0.71492666
5738,0,0.31804952
5741,1,0.5222637
5743,1,0.648472
5753,1,0.5304408
5761,0,0.4209622
5789,1,0.5510516
5797,0,0.37469682
5803,0,0.3488
5810,1,0.52677506
5813,0,0.39590907
5817,0,0.36348087
5818,1,0.5383609
5822,0,0.4461054
5829,1,0.5830781
5846,1,0.65091413
5847,0,0.39543056
5854,0,0.40402085
5858,1,0.61765987
5863,0,0.3761341
5869,0,0.46446988
5870,0,0.41836074
5876,0,0.40397942
5881,0,0.43068165
5901,0,0.34041876
5922,0,0.4646427
5928,1,0.9217037
5933,1,0.6201787
5934,1,0.9303814
5946,0,0.3637215
5951,0,0.3953938
5955,0,0.3296908
5956,1,0.9664502
5965,0,0.34986782
5972,0,0.4203937
5981,0,0.37145612
5997,1,0.5312471
6005,0,0.39181376
6009,0,0.40367818
6010,0,0.37663674
6015,0,0.3575681
6039,0,0.41405526
6047,1,0.8089015
6051,0,0.19949423
6056,0,0.39752266
6061,0,0.37870473
6064,0,0.35823599
6065,0,0.35820842
6070,0,0.4273423
6085,1,0.8790536
6086,0,0.4236376
6091,1,0.8807733
6097,0,0.41939816
6099,0,0.44394633
6104,1,0.89166605
6108,0,0.4827982
6109,0,0.4827982
6124,1,0.78372794
6142,1,0.8920905
6144,0,0.3417231
6150,0,0.3756633
6154,0,0.470977
6155,0,0.44121543
6156,1,0.97373194
6158,0,0.3669182
6159,1,0.97373194
6169,1,0.8946909
6170,0,0.17817135
6179,0,0.38089272
6184,1,0.52044994
6186,1,0.92476785
6204,0,0.32796675
6230,0,0.34973413
6231,0,0.42116812
6232,1,0.93038297
6235,0,0.32091635
6237,1,0.56539667
6239,0,0.38091838
6263,0,0.2769057
6265,0,0.35905936
6270,1,0.7252116
6271,0,0.43487656
6278,0,0.31471592
6279,0,0.49074176
6288,0,0.31523144
6294,0,0.36998004
6295,0,0.35848513
6302,1,0.51017255
6306,0,0.32934496
6322,1,0.8428137
6324,0,0.4167374
6327,0,0.40208262
6331,0,0.2614247
6334,0,0.42041102
6338,1,0.73003685
6339,1,0.80023324
6362,0,0.38713694
6372,0,0.2573782
6375,1,0.7763989
6393,0,0.41345185
6394,0,0.3217048
6405,1,0.9561497
6406,1,0.50649863
6416,1,0.5219059
6421,0,0.37001538
6422,0,0.3978638
6440,1,0.95900875
6457,1,0.82880574
6460,1,0.6943505
6463,0,0.26474482
6474,1,0.77259517
6476,0,0.4221459
6477,0,0.34434122
6482,1,0.7712609
6488,0,0.38960308
6489,0,0.40726122
6494,0,0.35576963
6499,1,0.5018819
6507,0,0.32273093
6524,0,0.38254082
6527,0,0.299198
6531,0,0.31814742
6536,0,0.36625272
6538,0,0.3783955
6542,1,0.51061517
6565,0,0.39506075
6584,0,0.38485983
6588,0,0.4226684
6597,0,0.4037321
6603,1,0.6968151
6609,1,0.76737875
6613,1,0.7118923
6622,0,0.42243558
6630,0,0.3592524
6637,0,0.37560743
6639,1,0.7763744
6640,0,0.40248588
6646,0,0.40066123
6647,0,0.2947373
6648,1,0.95709985
6669,0,0.36727446
6680,0,0.39865175
6681,0,0.3348024
6684,0,0.3861025
6693,0,0.37373397
6694,0,0.3416528
6704,0,0.42770207
6706,0,0.2745214
6710,0,0.3794175
6713,0,0.4019064
6718,0,0.37867376
6732,0,0.34118015
6737,0,0.42816177
6739,0,0.35970375
6742,0,0.39556623
6746,1,0.5110651
6753,0,0.4085044
6771,0,0.42074355
6784,0,0.40595707
6790,1,0.9290308
6795,0,0.22888239
6807,0,0.40950176
6808,0,0.4205966
6818,0,0.43598434
6823,0,0.31714478
6830,0,0.24422733
6831,0,0.24422733
6832,0,0.3486044
6836,0,0.38521862
6846,0,0.3209225
6850,0,0.3671679
6854,0,0.38879642
6868,1,0.61270046
6876,0,0.3814169
6877,1,0.80181944
6881,0,0.34172937
6882,0,0.31539276
6884,0,0.40191278
6886,0,0.398971
6901,0,0.34087119
6910,0,0.36434612
6913,0,0.40926084
6914,1,0.63359505
6918,1,0.59793186
6930,1,0.579043
6941,0,0.39957815
6944,0,0.49352163
6945,0,0.43029225
6947,0,0.4237254
6949,1,0.80872715
6952,0,0.39132026
6963,1,0.5052002
6964,1,0.578274
6972,1,0.82932544
6979,1,0.59353906
6981,0,0.38182634
6988,1,0.85599
6990,0,0.39307055
6998,0,0.41113254
7004,0,0.364075
7016,1,0.521769
7027,0,0.35212666
7042,0,0.41829517
7056,0,0.3903847
7061,0,0.42630792
7069,0,0.44142127
7071,0,0.41889155
7088,1,0.6678755
7099,0,0.36025006
7108,0,0.3889302
7121,1,0.8124561
7125,1,0.7842855
7136,1,0.73302764
7149,1,0.7150372
7150,1,0.53809845
7151,0,0.3397974
7167,0,0.412094
7177,1,0.8482775
7178,0,0.41359183
7183,1,0.77876055
7186,0,0.37290403
7190,0,0.39141685
7201,0,0.4042162
7202,0,0.30199176
7207,0,0.3422818
7213,0,0.29999763
7224,1,0.5506806
7225,0,0.4249626
7233,0,0.3838281
7239,0,0.41955805
7246,0,0.3859428
7248,0,0.35961005
7261,0,0.33846653
7264,0,0.3523918
7266,0,0.3395443
7274,0,0.36408564
7279,0,0.40798238
7293,0,0.38134456
7315,0,0.31305087
7322,0,0.37342727
7326,1,0.8347055
7341,0,0.31473002
7363,0,0.36929572
7365,1,0.5113436
7371,0,0.36871463
7377,0,0.38968697
7393,1,0.7921196
7405,0,0.43512657
7410,0,0.26802316
7434,1,0.5009733
7438,0,0.3535867
7447,1,0.56226844
7450,1,0.8714494
7452,0,0.3165749
7453,0,0.36251697
7455,0,0.33119255
7456,0,0.36322114
7457,1,0.9464265
7466,0,0.40215945
7470,1,0.8043676
7474,0,0.41890794
7487,1,0.5503358
7488,0,0.47853103
7492,1,0.8445875
7496,0,0.27135968
7501,1,0.7118869
7505,1,0.74179435
7512,0,0.33611792
7526,1,0.7177646
7536,1,0.54705137
7538,1,0.54655665
7539,0,0.35662493
7544,1,0.7861237
7554,1,0.5115532
7564,0,0.4264633
7566,1,0.5476986
7580,0,0.49686602
7581,1,0.69246167
7584,0,0.40345934
7587,0,0.3217482
7589,0,0.40625086
7590,0,0.39871517
7594,1,0.6268688
7597,0,0.40170965
7602,1,0.9025185
7603,0,0.26973337
7605,1,0.54418963
7609,0,0.39859867
7613,0,0.40007767
7619,0,0.3689966
7625,0,0.38149488
7626,0,0.42643097
7636,0,0.38767514
7639,1,0.8471766
7641,0,0.36056608
7643,1,0.91972375
7644,0,0.39559987
7657,0,0.38512018
7661,1,0.77213335
7666,0,0.39336914
7673,0,0.42846182
7683,0,0.36788777
7685,0,0.42135838
7699,0,0.41272914
7704,1,0.71014297
7705,1,0.52579904
7708,1,0.5947279
7728,0,0.34028262
7733,0,0.3893036
7741,1,0.53993547
7743,0,0.38814875
7745,0,0.34796613
7754,1,0.69354194
7756,0,0.37887877
7757,0,0.40018547
7770,1,0.5090509
7773,1,0.9572803
7774,0,0.3911752
7776,1,0.58288574
7777,0,0.32650018
7778,0,0.31617808
7781,0,0.27674574
7784,0,0.3803833
7789,1,0.88243395
7794,0,0.49121684
7799,0,0.40562707
7801,1,0.6761696
7818,0,0.36801618
7823,0,0.35036844
7828,0,0.397446
7832,0,0.36180744
7839,0,0.4086696
7851,1,0.5279356
7856,0,0.3842157
7868,0,0.24830133
7869,0,0.28792384
7872,0,0.35365027
7874,0,0.34869304
7878,0,0.36338648
7888,0,0.4191084
7913,0,0.36341217
7923,0,0.39310998
7925,0,0.34115252
7926,1,0.52090055
7938,0,0.35547444
7942,1,0.77299297
7945,0,0.39487234
7954,1,0.53486717
7963,0,0.39770436
7969,0,0.41084263
7970,0,0.42685306
7977,0,0.4326887
7981,0,0.3409101
7990,0,0.42414784
8020,0,0.43322366
8023,0,0.38607833
8025,1,0.78273433
8034,0,0.49286097
8039,0,0.41668603
8046,0,0.39613393
8051,0,0.40610954
8055,0,0.33092403
8060,0,0.36332402
8063,0,0.37244684
8073,1,0.9495423
8074,0,0.31795
8076,1,0.63903874
8080,0,0.32988694
8088,0,0.40716177
8102,0,0.44813517
8103,0,0.32303002
8104,0,0.32303002
8105,0,0.39953464
8109,0,0.32780182
8115,0,0.34784892
8121,0,0.46239492
8126,0,0.41313103
8135,1,0.6421246
8153,1,0.7188749
8156,0,0.37820718
8160,1,0.59625536
8161,0,0.41277033
8162,0,0.41164297
8171,0,0.31966728
8181,0,0.3180454
8183,0,0.31629002
8185,0,0.40995473
8191,1,0.950725
8203,0,0.29026985
8204,1,0.61307746
8207,1,0.5758571
8208,0,0.3962034
8209,1,0.5519957
8210,0,0.40764186
8225,0,0.41107997
8226,0,0.2947073
8231,1,0.62908673
8233,0,0.3048522
8244,1,0.75082433
8250,0,0.3896553
8261,0,0.32303002
8265,0,0.38394946
8278,0,0.39028987
8279,0,0.39019692
8280,0,0.4059773
8296,1,0.7779888
8299,0,0.42169696
8300,0,0.3585746
8301,0,0.46323794
8305,0,0.4238347
8327,0,0.36629084
8334,0,0.3917465
8349,0,0.30227238
8355,0,0.3090408
8361,0,0.4309079
8362,0,0.41631714
8364,0,0.40478772
8365,0,0.37358615
8375,0,0.38782546
8378,1,0.76144594
8380,0,0.37461108
8381,0,0.40607482
8387,0,0.39703298
8399,1,0.72810966
8402,1,0.9352974
8409,0,0.3991988
8433,1,0.583994
8436,0,0.40096086
8442,0,0.36238575
8448,0,0.39377663
8464,0,0.3577007
8469,0,0.49740127
8474,1,0.5180644
8478,0,0.43426704
8482,0,0.42587322
8490,0,0.3443264
8510,0,0.39273623
8511,0,0.3420251
8527,0,0.32952288
8532,0,0.30303344
8533,0,0.3693901
8538,0,0.392396
8541,0,0.39215004
8545,0,0.4091372
8553,0,0.37758613
8554,0,0.3627026
8555,0,0.4393868
8569,0,0.3607542
8586,1,0.6977994
8593,0,0.32991615
8600,1,0.95889217
8606,1,0.72128654
8607,0,0.30477485
8611,0,0.4036073
8613,1,0.7938944
8618,1,0.798159
8630,0,0.40508002
8637,0,0.38445053
8650,0,0.41071832
8652,0,0.32643038
8661,0,0.29855588
8669,0,0.31282142
8673,0,0.3558768
8674,0,0.34238568
8678,1,0.76077974
8682,0,0.36791137
8688,0,0.32464218
8689,1,0.74424046
8695,0,0.36043805
8698,0,0.3792909
8703,0,0.3601302
8709,0,0.33164045
8716,0,0.39594325
8723,0,0.35804203
8737,1,0.6729881
8753,0,0.4155351
8773,0,0.27936205
8774,0,0.37228715
8778,1,0.7128842
8786,0,0.4913229
8794,0,0.31305605
8795,1,0.504958
8800,0,0.3267776
8804,0,0.35330006
8808,0,0.41106948
8809,0,0.45404026
8817,0,0.46108666
8818,0,0.39537686
8825,0,0.3892254
8830,0,0.40120813
8833,0,0.364573
8834,0,0.3127593
8836,0,0.39439267
8837,0,0.31950298
8844,0,0.3736149
8851,0,0.405559
8861,1,0.93945986
8864,0,0.41661167
8865,0,0.4008744
8869,0,0.30898383
8873,1,0.871298
8880,0,0.47678784
8884,0,0.34645692
8888,0,0.3889604
8889,0,0.42489228
8891,1,0.83416504
8893,0,0.36060846
8897,0,0.40359896
8905,0,0.39912874
8910,1,0.7677723
8918,0,0.4036339
8939,0,0.38579443
8940,0,0.4212845
8941,0,0.29201564
8944,0,0.35184202
8949,0,0.397547
8950,0,0.37291658
8958,1,0.5812352
8967,1,0.8257621
8975,0,0.43982494
8979,0,0.36978793
8980,0,0.31850132
8991,0,0.3691403
8995,0,0.36694458
8996,0,0.3782996
8998,1,0.8578708
9000,0,0.4187536
9001,1,0.84545916
9002,0,0.39918044
9024,0,0.41684753
9026,0,0.29973713
9027,0,0.39911038
9034,0,0.38723278
9038,0,0.39053822
9050,0,0.39718854
9052,1,0.7019535
9054,0,0.371034
9078,1,0.81559217
9097,0,0.4190499
9109,0,0.3463323
9112,1,0.54683197
9115,0,0.33925965
9125,0,0.39902586
9132,0,0.40697613
9136,0,0.42581743
9139,0,0.36456212
9140,0,0.31508967
9142,1,0.5353689
9143,0,0.4223612
9147,1,0.7906082
9159,0,0.390736
9165,1,0.7366634
9172,0,0.41255036
9177,0,0.38657916
9179,0,0.32646435
9185,0,0.38952363
9196,1,0.9523056
9201,0,0.44501653
9209,0,0.314064
9210,1,0.5765949
9212,0,0.4399873
9214,0,0.41348153
9240,1,0.96089196
9241,0,0.4343578
9244,0,0.42925364
9249,0,0.33513257
9250,0,0.45521393
9255,0,0.41390306
9258,0,0.48880634
9263,0,0.31033754
9266,0,0.46842003
9269,0,0.3996649
9272,0,0.40656966
9276,1,0.793723
9290,0,0.3799298
9299,0,0.37050188
9303,0,0.32926807
9310,0,0.34082037
9311,0,0.3960731
9314,0,0.39738345
9315,1,0.87855506
9325,0,0.45566493
9328,1,0.50459504
9329,1,0.62170935
9332,1,0.9726254
9337,0,0.47076347
9353,1,0.74743533
9355,0,0.36352003
9356,0,0.42880902
9362,1,0.70160615
9364,0,0.41778964
9366,0,0.41778964
9387,1,0.94985914
9388,1,0.97043353
9396,0,0.3424671
9400,0,0.30246338
9406,0,0.4075185
9411,0,0.41434836
9416,1,0.61515176
9417,1,0.8062028
9423,1,0.8480216
9425,0,0.44016933
9426,0,0.38945818
9427,0,0.4206894
9429,1,0.8480216
9430,1,0.72916985
9434,0,0.4466936
9442,0,0.459064
9458,0,0.44198215
9476,0,0.3921654
9481,0,0.4182686
9483,0,0.40018654
9484,0,0.4359912
9487,1,0.7290667
9488,0,0.41557965
9490,0,0.31845418
9502,1,0.9085719
9505,0,0.30706763
9509,0,0.27011833
9515,0,0.39680362
9516,0,0.39947975
9532,0,0.41833752
9539,1,0.69708306
9542,0,0.24371772
9549,0,0.37361076
9550,1,0.56390333
9553,0,0.42404372
9554,0,0.41680595
9561,0,0.4396099
9566,0,0.41237462
9571,0,0.3919235
9577,0,0.4395236
9584,0,0.3474628
9592,0,0.40391773
9596,1,0.8233519
9602,0,0.38676926
9603,0,0.31587672
9604,1,0.733741
9608,1,0.733741
9609,0,0.45092782
9613,0,0.40360537
9623,0,0.33086443
9630,1,0.9595057
9633,0,0.45534
9648,0,0.38955694
9665,0,0.38084477
9668,0,0.38742816
9678,0,0.4023588
9679,0,0.41086856
9693,1,0.836589
9718,1,0.86582464
9720,1,0.86385727
9744,0,0.39742815
9745,0,0.31630972
9746,1,0.8913675
9753,0,0.36758333
9758,0,0.35663912
9759,0,0.4271605
9763,0,0.41976738
9766,0,0.34292695
9767,0,0.3464127
9777,1,0.773735
9781,0,0.3840611
9789,0,0.37022877
9790,0,0.37433594
9799,0,0.43578044
9802,0,0.363472
9805,1,0.80533177
9807,0,0.4523248
9812,0,0.439097
9818,0,0.38877687
9820,1,0.814282
9822,0,0.3973588
9824,0,0.28911042
9834,0,0.37307173
9836,0,0.4209498
9847,0,0.38783357
9864,1,0.9029811
9869,0,0.34455803
9875,0,0.39848077
9880,0,0.38398987
9889,1,0.90497756
9894,0,0.32897434
9909,1,0.9046891
9915,0,0.43336436
9919,0,0.42885414
9920,1,0.8995403
9940,1,0.5802983
9946,1,0.54321414
9958,1,0.8090691
9959,0,0.34828344
9973,1,0.7230997
9976,0,0.38062817
9978,0,0.3925977
9982,0,0.41106343
9987,0,0.37152237
9988,0,0.32585746
9992,0,0.41949105
10000,0,0.19696099
10002,1,0.7635368
10005,0,0.32054016
10008,0,0.43061018
10009,0,0.4775784
10011,0,0.4439972
10021,0,0.4141602
10022,1,0.7354717
10053,0,0.36559105
10074,0,0.35783675
10076,0,0.41274536
10090,0,0.29942384
10092,0,0.42821977
10099,0,0.42862308
10102,0,0.3944565
10103,0,0.35804832
10106,0,0.39398724
10108,1,0.88541085
10113,1,0.7942455
10119,0,0.30447945
10122,0,0.42030153
10125,0,0.4332081
10140,0,0.37710473
10155,0,0.38401985
10159,0,0.39871344
10164,0,0.42215952
10175,0,0.43138286
10176,1,0.64148027
10178,0,0.39703977
10186,0,0.3545595
10200,0,0.3890968
10204,0,0.41882792
10206,0,0.41882792
10211,0,0.35825762
10212,0,0.39738044
10217,0,0.38239196
10220,1,0.5719029
10230,1,0.5921032
10234,0,0.42801082
10235,0,0.44606075
10239,0,0.39661774
10240,0,0.46094605
10242,0,0.42377552
10245,0,0.3500777
10246,1,0.76489174
10247,0,0.36204526
10250,0,0.4184479
10254,1,0.8571309
10257,0,0.43240523
10260,0,0.4235499
10261,1,0.88801163
10265,0,0.37617552
10273,0,0.40857008
10274,0,0.36731184
10277,0,0.45303935
10289,1,0.9045037
10290,0,0.3431994
10298,0,0.438886
10301,0,0.33299592
10304,0,0.2475165
10305,0,0.4478524
10313,0,0.41169852
10320,0,0.3371579
10323,0,0.36900327
10328,0,0.395104
10332,1,0.9527901
10336,1,0.95512885
10343,0,0.38222888
10348,0,0.27236167
10350,0,0.41565195
10351,0,0.37050298
10354,0,0.38160798
10372,0,0.36868814
10373,1,0.63944715
10380,0,0.34818885
10383,0,0.38112438
10396,1,0.52219445
10397,0,0.39746514
10399,1,0.6926257
10400,0,0.4610981
10401,0,0.40585765
10402,0,0.43221036
10403,1,0.5602252
10410,1,0.8905871
10412,1,0.6668404
10415,0,0.40613833
10424,0,0.398744
10428,0,0.3516428
10432,0,0.3847058
10462,0,0.3546949
10477,0,0.35146928
10482,0,0.31777593
10484,0,0.38582245
10493,0,0.43976176
10495,0,0.4358674
10497,0,0.43964127
10516,0,0.37086958
10521,0,0.38590667
10522,1,0.50351787
10523,1,0.782264
10528,0,0.359503
10530,0,0.35714233
10532,1,0.5044576
10533,0,0.34004554
10543,1,0.8509701
10547,1,0.6883654
10552,0,0.35443112
10558,0,0.4222375
10571,0,0.36315784
10572,0,0.3497364
10574,0,0.32094818
10583,0,0.4054836
10600,0,0.41554934
10607,1,0.6854639
10608,1,0.5016733
10614,0,0.31706673
10630,0,0.26410797
10634,0,0.40128317
10635,0,0.31913552
10641,1,0.8057956
10643,1,0.5168808
10644,0,0.45987338
10648,1,0.64109075
10669,0,0.35106343
10675,1,0.5143769
10686,1,0.8168211
10704,0,0.36083743
10707,0,0.3574859
10722,0,0.3922335
10736,1,0.6617772
10764,0,0.43557844
10767,1,0.8117597
10776,0,0.37881556
10779,1,0.51320124
10781,0,0.3583437
10792,1,0.74864197
10797,0,0.37925097
10798,0,0.3189954
10801,1,0.5027994
10802,0,0.4941832
10805,0,0.36377358
10808,0,0.39203173
10810,1,0.9361063
10816,0,0.38230982
10817,0,0.35466447
10829,1,0.7263987
10843,0,0.3722893
10858,0,0.47158462
10866,0,0.31634343
10876,0,0.37981665
10887,0,0.37048322
10891,0,0.32927454
10896,0,0.3947136
10900,1,0.7258308
10905,0,0.41392502
10907,0,0.4084789
10917,0,0.29920056
10936,0,0.3326258
10947,0,0.34926715
10948,1,0.6601835
10951,0,0.39230004
10955,0,0.31885853
10969,0,0.3802698
10984,0,0.41226435
10987,0,0.40405673
10990,0,0.30543694
10992,0,0.41992235
10996,0,0.39113095
10997,0,0.4022097
10999,0,0.41488844
11000,1,0.6784573
11001,0,0.37129226
11010,0,0.41331413
11016,0,0.44577128
11018,1,0.842104
11034,1,0.9436228
11039,0,0.397469
11041,0,0.3901173
11047,0,0.34921983
11053,1,0.505564
11055,0,0.37286776
11056,0,0.36170748
11065,0,0.4243394
11068,1,0.6469073
11070,0,0.4009738
11071,1,0.5826016
11072,0,0.40850058
11079,0,0.3999721
11091,0,0.31787086
11094,0,0.42372274
11112,1,0.5118482
11113,1,0.5118482
11128,0,0.4007071
11153,1,0.5186983
11154,0,0.29457474
11163,0,0.37526095
11179,0,0.4272094
11181,0,0.3889369
11206,0,0.39711946
11216,0,0.41402268
11221,0,0.4338078
11223,1,0.66186464
11228,1,0.7160968
11235,0,0.4051171
11237,0,0.29060194
11244,0,0.34343874
11256,0,0.43093896
11267,0,0.42442346
11272,1,0.6932564
11281,0,0.38955826
11285,0,0.43492487
11288,0,0.42151135
11291,0,0.4209176
11293,0,0.39586705
11297,0,0.3480544
11298,0,0.40868083
11299,0,0.3775475
11301,0,0.3315296
11309,1,0.7615165
11331,0,0.3845168
11332,0,0.45706466
11337,0,0.3728447
11343,1,0.882566
11347,0,0.37218872
11348,1,0.7952991
11355,1,0.95814455
11368,0,0.35139856
11369,0,0.49863183
11371,1,0.836115
11378,1,0.5104365
11384,0,0.40419316
11387,0,0.40069246
11393,0,0.38006598
11399,0,0.43765756
11412,1,0.71670574
11431,0,0.34470096
11432,0,0.3556078
11444,1,0.9406339
11450,1,0.9650494
11451,1,0.56792814
11476,0,0.3165312
11488,0,0.38929242
11495,1,0.54736745
11505,0,0.3700099
11508,1,0.9496976
11518,0,0.43287683
11522,0,0.30120215
11524,0,0.42106226
11533,0,0.47219497
11549,1,0.5161638
11551,1,0.9459401
11560,0,0.36645925
11563,0,0.3018805
11565,1,0.7290107
11567,0,0.39661512
11569,0,0.3999901
11598,1,0.6128126
11604,0,0.49743757
11611,0,0.40746716
11617,1,0.5470146
11626,0,0.46485397
11642,0,0.38555858
11643,0,0.32318386
11648,0,0.37847885
11651,0,0.31191078
11663,0,0.3527177
11666,0,0.44909924
11685,0,0.42601302
11686,1,0.5088735
11698,0,0.30484438
11708,0,0.36263707
11711,0,0.37098315
11718,0,0.30067715
11742,0,0.33519596
11761,1,0.79129153
11767,0,0.41924503
11768,0,0.40017805
11775,1,0.51072806
11779,0,0.44459268
11786,1,0.9367465
11790,1,0.7610102
11791,0,0.3615627
11796,0,0.15673079
11806,1,0.5135306
11810,0,0.39178613
11811,0,0.3366461
11814,1,0.95042235
11816,0,0.38412297
11820,0,0.43205875
11822,0,0.4356138
11829,0,0.49471903
11832,0,0.4253138
11834,1,0.7391862
11836,0,0.39030728
11837,0,0.39972633
11844,1,0.5250976
11847,1,0.6525919
11864,1,0.6569562
11865,1,0.51939815
11872,0,0.37600636
11873,0,0.4465974
11886,0,0.45135576
11894,0,0.3789122
11905,0,0.38316956
11906,0,0.334097
11907,0,0.32668284
11912,0,0.32606652
11914,1,0.6462146
11918,0,0.40489888
11924,0,0.36938497
11929,1,0.9441074
11930,0,0.41638708
11936,0,0.3605418
11937,0,0.36666074
11954,0,0.42911032
11957,0,0.42160568
11964,0,0.30503106
11968,0,0.28114048
11972,1,0.50509846
11976,0,0.40537265
11979,0,0.4546785
11981,0,0.40438664
11983,0,0.36493972
11989,0,0.2803343
11991,0,0.32507324
11998,0,0.3421761
12003,0,0.36807775
12007,0,0.37635648
12011,0,0.49174073
12014,0,0.39977846
12024,0,0.36678925
12033,0,0.40839845
12034,0,0.34977376
12041,0,0.2911978
12046,0,0.4144147
12056,0,0.38122955
12064,0,0.4036283
12069,0,0.38734612
12070,0,0.3922474
12071,0,0.35960624
12072,0,0.39301375
12078,0,0.2943722
12091,1,0.5585077
12092,0,0.2738912
12094,0,0.41835317
12098,0,0.32924098
12103,0,0.3304201
12115,1,0.66250396
12118,0,0.28184122
12122,1,0.7122181
12125,1,0.9273245
12133,0,0.41189063
12137,0,0.2746165
12141,0,0.3173034
12143,0,0.40079013
12144,1,0.7558317
12154,0,0.32036158
12163,0,0.39006677
12170,1,0.5417701
12193,0,0.3033221
12196,0,0.38801318
12206,0,0.42930156
12209,0,0.26338014
12214,0,0.39831045
12228,0,0.33442238
12233,1,0.7419905
12238,0,0.26006708
12242,0,0.40796372
12245,1,0.6228925
12247,0,0.36998522
12251,0,0.3175199
12287,0,0.43342465
12292,1,0.7305134
12304,0,0.36058107
12317,1,0.61543095
12320,1,0.6298326
12323,1,0.70935434
12328,0,0.38366374
12333,1,0.6425024
12334,0,0.37532985
12335,0,0.4719219
12352,0,0.33939022
12358,0,0.3935341
12364,0,0.3816162
12376,0,0.34033227
12396,0,0.4119436
12402,1,0.9659395
12406,0,0.33237132
12408,0,0.29664493
12410,1,0.955033
12413,0,0.47328958
12417,0,0.33956444
12424,1,0.66604865
12425,0,0.36677837
12426,0,0.29472235
12430,0,0.330168
12432,1,0.7301485
12433,0,0.36735272
12451,0,0.2871145
12457,1,0.55946237
12465,0,0.33056444
12468,1,0.55725425
12474,0,0.38953057
12475,0,0.348933
12486,0,0.41215804
12487,0,0.48968542
12514,0,0.39536095
12524,1,0.9649009
12526,0,0.36467153
12530,0,0.3492788
12532,0,0.35276335
12593,0,0.40751797
12599,0,0.39118126
12600,0,0.3303043
12603,0,0.3911054
12624,1,0.9563144
12630,0,0.39230576
12638,0,0.43696737
12641,1,0.7607897
12643,1,0.8475812
12656,0,0.40061724
12666,1,0.50624853
12673,1,0.8204316
12675,0,0.4030173
12678,1,0.6223931
12692,0,0.17833693
12693,1,0.916031
12707,0,0.40274468
12711,1,0.82875216
12716,0,0.35097393
12717,1,0.79308563
12723,0,0.38729644
12738,0,0.33481306
12742,0,0.29888088
12746,0,0.28357235
12753,0,0.44585967
12758,0,0.36478788
12760,0,0.3022583
12763,0,0.378865
12764,0,0.4036511
12768,0,0.30363908
12776,0,0.37388685
12777,0,0.36341128
12783,1,0.90970516
12804,0,0.35400593
12824,0,0.32484224
12839,0,0.38793764
12847,0,0.40128586
12850,1,0.96774083
12867,1,0.86449105
12883,0,0.42728272
12887,0,0.3069722
12890,0,0.34177446
12903,1,0.69656414
12906,0,0.38346058
12907,0,0.3351018
12909,0,0.36430883
12912,0,0.39149448
12915,0,0.3151353
12930,1,0.7476041
12931,0,0.46545094
12934,0,0.459337
12951,0,0.3922443
12955,0,0.36996004
12973,0,0.39480802
12988,0,0.3464629
12999,0,0.34684667
13015,1,0.5081003
13026,1,0.64944476
13036,0,0.3899096
13039,0,0.31657067
13040,0,0.40282342
13041,0,0.28980583
13043,1,0.9297807
13057,0,0.4053602
13064,0,0.3529735
13068,1,0.8184558
13069,1,0.74787986
13073,1,0.55202454
13079,1,0.82392997
13086,0,0.32716683
13089,1,0.82346123
13093,0,0.3586174
13097,1,0.8180423
13098,0,0.40239748
13105,0,0.30160552
13107,1,0.546469
13108,1,0.82021606
13110,0,0.38750848
13112,1,0.8036847
13114,0,0.38531733
13118,0,0.36781478
13127,0,0.32087877
13129,0,0.34853995
13142,1,0.9585563
13146,0,0.33410025
13149,0,0.33410025
13157,0,0.36746788
13158,1,0.65057737
13159,1,0.63626134
13161,0,0.41842178
13162,0,0.36678877
13166,0,0.36058095
13168,0,0.4112357
13170,1,0.92952657
13186,0,0.4987959
13191,0,0.42991468
13203,0,0.41449213
13209,0,0.42223188
13212,0,0.41801783
13213,0,0.35713303
13222,0,0.38075846
13229,1,0.5561968
13234,1,0.71890837
13257,1,0.7091927
13258,0,0.36601964
13268,0,0.4189358
13270,0,0.4042848
13291,0,0.4259164
13292,1,0.6323595
13299,0,0.39280847
13307,1,0.96287614
13309,0,0.34243113
13311,0,0.41624692
13312,0,0.41113275
13322,0,0.34156433
13324,1,0.8817539
13330,0,0.36473712
13338,0,0.43831545
13344,1,0.76622856
13348,0,0.36375016
13355,1,0.55176955
13365,1,0.94967645
13368,0,0.4275893
13370,0,0.41039798
13372,1,0.516045
13377,1,0.7401867
13385,1,0.6434206
13389,0,0.40019023
13393,0,0.23030719
13395,0,0.414238
13404,0,0.4149141
13411,0,0.40970254
13416,0,0.40822256
13434,0,0.40629643
13435,1,0.57020926
13445,0,0.38157693
13446,0,0.3922487
13451,1,0.821924
13462,0,0.49235064
13464,0,0.3073852
13466,0,0.39598176
13471,0,0.3549402
13472,1,0.8197122
13477,0,0.37816808
13481,0,0.41247925
13484,1,0.7133068
13490,0,0.33739194
13492,1,0.57184064
13500,0,0.3714839
13508,0,0.36478856
13516,0,0.3584991
13525,0,0.36478174
13526,0,0.36816895
13530,1,0.50054157
13532,0,0.32540414
13538,0,0.31595418
13546,0,0.3894426
13548,0,0.3215003
13550,1,0.8155291
13551,0,0.4575886
13564,0,0.3766707
13566,1,0.8253525
13570,0,0.45512342
13580,0,0.42865384
13585,0,0.43727818
13588,0,0.408347
13592,0,0.37309432
13594,0,0.36138764
13609,0,0.4181692
13610,1,0.7228573
13613,0,0.3095192
13625,0,0.4539203
13626,1,0.7424119
13639,1,0.8137888
13645,1,0.89363223
13647,1,0.58274543
13648,0,0.42947522
13652,1,0.54559016
13654,1,0.76358443
13664,0,0.36620837
13673,0,0.43758163
13684,0,0.3883936
13690,0,0.335933
13693,0,0.43874732
13696,0,0.36347762
13700,1,0.8064986
13701,0,0.4124601
13707,1,0.6658159
13713,0,0.40029678
13714,0,0.3831891
13716,1,0.6044711
13720,0,0.42215395
13727,0,0.4573056
13733,0,0.38429904
13738,0,0.39934283
13757,0,0.3919305
13759,1,0.7225159
13761,0,0.41683185
13767,0,0.4324565
13782,0,0.41264445
13786,0,0.3754584
13787,0,0.4168838
13792,0,0.44264093
13795,1,0.54449147
13798,0,0.42983282
13807,0,0.29938975
13809,0,0.39812148
13811,0,0.36971286
13815,0,0.42831552
13817,0,0.3821087
13818,0,0.43554872
13822,0,0.3920975
13824,0,0.3883126
13829,0,0.40410838
13832,1,0.8915495
13840,1,0.8119384
13841,1,0.7775127
13868,0,0.42225078
13871,1,0.95246965
13880,0,0.3536465
13888,1,0.5468549
13890,1,0.8430414
13891,0,0.38180944
13895,0,0.33209765
13907,0,0.38131237
13910,1,0.7558805
13912,1,0.8237346
13913,0,0.3927411
13923,1,0.66591656
13929,0,0.469801
13936,0,0.4176301
13946,0,0.40499863
13950,0,0.40711907
13951,0,0.39446646
13954,0,0.43729457
13958,1,0.7718892
13969,1,0.5065922
13980,0,0.34028712
13981,0,0.39781302
13986,0,0.41769576
13987,0,0.35860533
13989,1,0.66627306
13992,0,0.44100562
13994,0,0.31245586
14001,1,0.70383424
14002,0,0.41604614
14004,0,0.4179137
14006,0,0.4703187
14012,1,0.74706024
14021,0,0.3792615
14024,1,0.6891832
14045,0,0.43785167
14047,1,0.5375968
14057,0,0.39462778
14059,0,0.33375016
14060,0,0.3460424
14068,0,0.31172368
14070,1,0.58600426
14074,1,0.504358
14076,1,0.7213006
14089,0,0.43782738
14115,0,0.39525935
14116,0,0.42099667
14128,1,0.56793237
14131,0,0.3927898
14134,1,0.84276175
14137,0,0.4969121
14138,0,0.32079604
14139,1,0.8980815
14152,0,0.3616227
14153,1,0.93174183
14155,0,0.38782918
14156,1,0.85246783
14164,0,0.42066932
14165,0,0.48834497
14171,0,0.35386115
14174,0,0.4376811
14181,1,0.5248399
14186,1,0.778106
14192,1,0.65062714
14201,1,0.6996966
14210,1,0.83526057
14214,0,0.39027107
14231,0,0.3975831
14236,0,0.41107962
14241,1,0.6288425
14245,0,0.44322202
14249,0,0.40713346
14251,1,0.6132693
14262,0,0.36828294
14265,0,0.32444128
14267,1,0.5199205
14270,1,0.96198124
14276,1,0.5082502
14279,0,0.34942937
14281,0,0.35714632
14289,0,0.3822611
14290,0,0.44318405
14293,0,0.49071887
14295,1,0.7977694
14297,1,0.6336381
14298,1,0.5944682
14310,0,0.32864684
14312,1,0.8926205
14315,1,0.84874916
14318,1,0.53701866
14319,1,0.57555294
14325,1,0.6794099
14331,0,0.36016846
14334,0,0.36279202
14341,1,0.52196074
14343,1,0.9580761
14344,0,0.45306566
14346,0,0.42012557
14347,0,0.36721948
14349,0,0.39203686
14352,0,0.38957253
14358,0,0.3572498
14361,0,0.4525011
14363,1,0.77776206
14374,1,0.5083944
14376,0,0.37992373
14381,1,0.64905924
14398,0,0.38855812
14410,0,0.36972287
14412,0,0.4926452
14415,1,0.54221797
14423,1,0.62174356
14425,0,0.36199838
14436,0,0.4185562
14444,0,0.39564723
14455,1,0.86300933
14465,0,0.4231018
14469,1,0.5491865
14471,0,0.38225558
14475,0,0.4378708
14479,0,0.32572547
14480,0,0.3701621
14488,1,0.62854534
14491,1,0.91988724
14501,0,0.41387957
14520,1,0.71127385
14522,1,0.56499976
14523,0,0.43009394
14537,1,0.8260044
14538,1,0.7415306
14550,0,0.3866677
14561,0,0.34743476
14575,1,0.51272315
14586,0,0.43241772
14592,1,0.55212176
14601,1,0.57957876
14602,0,0.3743036
14604,0,0.45049396
14606,0,0.3944268
14627,0,0.3944288
14641,0,0.4658222
14652,0,0.3758259
14662,1,0.5323012
14665,1,0.50973314
14673,1,0.58966684
14675,1,0.5303391
14679,1,0.7465875
14683,0,0.39037615
14686,0,0.31907114
14705,1,0.65735465
14708,0,0.38326162
14709,1,0.76041716
14710,0,0.34038335
14715,1,0.5245709
14717,0,0.4495088
14723,0,0.4381477
14725,0,0.44528204
14727,1,0.67657214
14728,0,0.37377983
14735,0,0.4066918
14746,0,0.3979245
14752,1,0.61201507
14757,0,0.43035707
14762,0,0.3668236
14763,0,0.32068223
14797,0,0.31741148
14812,0,0.3576088
14818,1,0.72404534
14825,0,0.42850304
14827,0,0.39414787
14829,0,0.38934156
14830,1,0.50491554
14837,0,0.3646346
14849,1,0.51503587
14863,0,0.38513097
14869,0,0.36024556
14882,0,0.3770891
14884,1,0.64414096
14886,0,0.45429745
14888,1,0.69808924
14890,0,0.37393835
14904,0,0.34850058
14938,0,0.32628825
14952,0,0.36876452
14958,0,0.49032187
14963,0,0.38256183
14979,0,0.41685355
14980,0,0.3499152
14986,1,0.54024434
14988,0,0.2406837
15003,0,0.42346507
15006,1,0.6333372
15009,1,0.96264875
15015,1,0.56513906
15024,0,0.42653707
15030,1,0.54552627
15036,0,0.31008732
15038,1,0.5085687
15039,0,0.3141143
15047,1,0.77485794
15049,0,0.388991
15056,1,0.95792556
15068,0,0.3291647
15070,0,0.37266856
15073,0,0.4082245
15081,0,0.38398987
15084,0,0.419666
15088,1,0.9397176
15092,0,0.40222922
15095,0,0.31514555
15097,0,0.39001945
15098,0,0.35534173
15115,1,0.76507074
15120,1,0.84562266
15126,0,0.34337655
15133,1,0.5458402
15143,0,0.3874939
15156,1,0.71429163
15164,0,0.34956202
15178,0,0.40729213
15198,1,0.8313773
15200,1,0.74694717
15208,0,0.19279762
15214,0,0.41865474
15218,1,0.50259537
15231,0,0.34656358
15238,0,0.30519155
15239,0,0.3179926
15240,0,0.29837543
15249,0,0.39270797
15256,0,0.37439007
15260,0,0.49018306
15290,0,0.3362971
15307,1,0.9625077
15308,1,0.69002306
15321,1,0.50721514
15323,1,0.62518543
15325,0,0.42818502
15342,1,0.61165583
15346,0,0.35894656
15349,0,0.41344333
15354,0,0.3798181
15362,0,0.37667736
15379,0,0.4099604
15383,0,0.37599078
15394,0,0.33223706
15401,1,0.6779818
15405,0,0.35954913
15407,0,0.36000913
15412,1,0.50909376
15413,0,0.4933159
15415,1,0.6821333
15427,1,0.5980379
15430,1,0.6463544
15436,0,0.49489984
15439,0,0.35627794
15443,0,0.34204778
15444,1,0.5082913
15445,1,0.72901255
15450,0,0.37944478
15456,1,0.7312637
15465,0,0.27171695
15466,0,0.4154012
15470,0,0.3516451
15474,1,0.5769578
15476,0,0.32726932
15482,0,0.4234013
15492,0,0.31437072
15510,1,0.5460394
15519,0,0.29625055
15523,0,0.30682656
15535,1,0.50497717
15561,1,0.94175357
15564,0,0.48815635
15566,0,0.3685036
15579,0,0.3505017
15580,1,0.54342186
15581,0,0.31786144
15587,0,0.41946465
15589,0,0.39003494
15591,0,0.39116466
15597,0,0.33703262
15620,1,0.6637301
15627,0,0.4380547
15636,1,0.64061064
15653,0,0.39217967
15662,1,0.8654782
15664,0,0.37625065
15666,0,0.49390867
15667,0,0.3186723
15674,0,0.4752737
15692,0,0.39749432
15715,0,0.29941642
15736,1,0.5549651
15744,1,0.5034131
15746,0,0.31784436
15758,0,0.41661483
15760,0,0.35379207
15766,0,0.40220913
15767,0,0.40998498
15789,1,0.6335695
15810,0,0.36014482
15818,0,0.41172567
15820,0,0.37613776
15830,0,0.38254187
15844,0,0.32313725
15850,0,0.332536
15857,0,0.3866198
15863,1,0.9108232
15869,0,0.3778011
15872,0,0.36115545
15873,0,0.4562464
15884,0,0.3310999
15885,1,0.50005186
15891,1,0.61505044
15898,0,0.37842432
15900,0,0.3950366
15932,0,0.39962485
15940,0,0.34540042
15944,0,0.4033581
15945,0,0.39837798
15963,1,0.5026846
15970,0,0.29766458
15977,0,0.33922204
15982,0,0.29169682
15985,0,0.37369752
15995,0,0.35459116
16004,0,0.4080353
16005,0,0.2514643
16011,0,0.36398473
16019,1,0.6929187
16021,0,0.3543324
16051,1,0.7659872
16065,0,0.3838653
16066,0,0.40428752
16076,0,0.2514643
16091,0,0.36809543
16094,0,0.33804786
16101,0,0.35884976
16104,1,0.83640295
16113,1,0.79919165
16114,0,0.47564152
16115,1,0.79919165
16127,1,0.63522035
16128,0,0.3197438
16138,1,0.527631
16139,1,0.73658806
16142,0,0.3343937
16144,1,0.5201735
16148,1,0.5332314
16151,0,0.3599644
16156,0,0.49513763
16165,1,0.6040054
16166,0,0.3410366
16179,1,0.52567136
16193,1,0.51579785
16196,0,0.4980137
16198,0,0.40949702
16210,1,0.56367946
16232,0,0.3038216
16237,0,0.30530235
16240,0,0.47780955
16252,0,0.4916154
16259,0,0.3203724
16262,0,0.3432936
16263,0,0.3594478
16270,0,0.23253763
16272,0,0.39486352
16290,0,0.3894065
16295,1,0.7233961
16297,0,0.38216713
16299,0,0.32615027
16300,0,0.3834715
16302,0,0.37664887
16303,0,0.47768006
16305,1,0.6318104
16309,0,0.37206534
16312,0,0.40685534
16320,0,0.25128832
16326,0,0.38957712
16327,0,0.34573478
16338,0,0.3418309
16342,0,0.35956478
16346,0,0.48922247
16348,0,0.39944002
16355,1,0.545107
16356,1,0.5045739
16378,1,0.7020087
16382,0,0.41389787
16391,0,0.3590076
16392,0,0.40185103
16395,1,0.8009316
16399,0,0.3695677
16403,0,0.35511526
16408,0,0.35271612
16413,0,0.39334744
16415,0,0.34346932
16417,1,0.6889852
16420,0,0.32572323
16431,0,0.3517224
16439,1,0.5537464
16444,1,0.5283134
16446,0,0.26597136
16451,0,0.49842963
16454,0,0.30571356
16461,0,0.42330536
16462,0,0.41568157
16469,0,0.3642356
16484,0,0.3998683
16486,1,0.7031788
16487,0,0.31228396
16491,0,0.41580743
16494,0,0.42971864
16507,1,0.50496906
16508,0,0.3337421
16519,0,0.38407567
16523,0,0.40649706
16526,1,0.79386073
16530,0,0.31446606
16532,1,0.72300833
16542,0,0.4282446
16550,1,0.60648656
16555,0,0.3785243
16558,0,0.3973995
16567,0,0.48548326
16576,0,0.38987663
16579,0,0.4207383
16595,1,0.73797554
16598,0,0.31754503
16600,0,0.31538448
16604,1,0.6354429
16605,1,0.79485554
16607,1,0.74159735
16610,0,0.38639474
16612,1,0.8229922
16617,1,0.64267
16625,1,0.70270336
16632,0,0.45996615
16634,1,0.59952825
16650,0,0.41747516
16654,0,0.38715592
16655,0,0.39123422
16656,0,0.36062002
16657,1,0.5049425
16660,0,0.4950014
16662,1,0.5616962
16669,0,0.32222384
16675,1,0.8077948
16676,0,0.43336257
16678,0,0.3530726
16679,0,0.4116682
16693,0,0.32506225
16701,0,0.3409045
16715,0,0.35393232
16722,1,0.7602805
16724,1,0.5165102
16727,1,0.51970756
16735,0,0.3465753
16741,0,0.43900403
16752,0,0.31506306
16758,0,0.41250983
16765,0,0.3666706
16771,0,0.33556235
16785,0,0.3085014
16793,0,0.47504678
16800,0,0.40719804
16805,0,0.307259
16809,0,0.295729
16820,1,0.5959102
16827,1,0.51803505
16830,0,0.44305974
16843,1,0.8814824
16847,0,0.32908908
16855,1,0.6963976
16860,1,0.57864684
16862,1,0.7079436
16863,0,0.34145406
16872,0,0.30671382
16874,0,0.30107474
16876,0,0.4179339
16893,0,0.39018068
16895,1,0.5627101
16914,0,0.36653548
16917,0,0.31253588
16926,0,0.3817561
16930,0,0.46135795
16931,0,0.34946916
16932,0,0.41364878
16934,0,0.39874873
16937,0,0.37973273
16941,0,0.30823645
16942,1,0.973076
16957,0,0.42406657
16962,1,0.6152012
16967,1,0.56484324
16968,1,0.6590796
16972,0,0.41702357
16974,0,0.37341547
16984,0,0.37572557
16987,0,0.42398366
16994,1,0.8083498
16995,1,0.51513875
16999,0,0.37830254
17034,1,0.5576206
17038,0,0.40539107
17040,0,0.3470616
17050,0,0.38080865
17068,0,0.36724332
17077,0,0.39777443
17079,0,0.49195278
17082,1,0.6300979
17085,1,0.66851205
17087,0,0.3735228
17099,1,0.72798437
17105,0,0.39073053
17108,0,0.37207448
17110,0,0.37444317
17111,0,0.40085053
17123,1,0.51816016
17124,0,0.37258846
17130,1,0.6045833
17138,0,0.38325313
17143,1,0.8019256
17157,0,0.38419262
17160,1,0.5190065
17166,0,0.38258284
17167,0,0.38130617
17179,0,0.46203807
17180,0,0.42716536
17189,1,0.57010025
17197,1,0.78567314
17219,1,0.536604
17223,0,0.39846957
17225,0,0.49269578
17229,0,0.46124524
17234,0,0.39954957
17235,0,0.41871756
17239,0,0.43954676
17242,0,0.36146888
17243,0,0.38991547
17246,1,0.512831
17247,0,0.37828946
17255,0,0.29706362
17258,0,0.48997754
17260,0,0.49849695
17264,0,0.46496737
17270,0,0.4425062
17271,0,0.4352401
17272,0,0.41744286
17285,0,0.39369172
17294,0,0.35982597
17297,0,0.38008183
17298,1,0.5087458
17299,0,0.3771585
17306,0,0.44062042
17324,0,0.3479316
17326,0,0.39912677
17330,0,0.39143273
17345,0,0.35513362
17351,1,0.54144603
17352,0,0.31403852
17372,0,0.3611588
17381,1,0.7641998
17385,1,0.5311445
17388,0,0.3847446
17390,1,0.50001013
17392,1,0.50575364
17399,0,0.43310195
17404,0,0.33127186
17407,0,0.42149875
17408,0,0.44326252
17416,1,0.52016103
17418,0,0.38683993
17434,1,0.8274585
17438,1,0.725411
17443,1,0.7729383
17444,0,0.36496985
17453,0,0.48767316
17460,0,0.44672683
17467,0,0.3627785
17480,0,0.35196728
17488,1,0.8304889
17490,0,0.42216843
17493,0,0.3922784
17498,0,0.3462478
17503,0,0.43288758
17513,0,0.42928907
17520,1,0.7966317
17525,1,0.6262664
17534,0,0.30978394
17545,0,0.45233944
17553,0,0.43270692
17554,0,0.3957192
17557,0,0.41142327
17563,1,0.61171836
17576,0,0.42957118
17577,0,0.34083053
17580,1,0.51387906
17582,0,0.38355678
17596,0,0.3660486
17597,0,0.37449154
17602,1,0.73174655
17614,1,0.7117841
17623,1,0.5109351
17624,1,0.5860925
17627,1,0.5052365
17628,0,0.34668452
17630,0,0.41229722
17634,1,0.878297
17640,0,0.3443654
17652,0,0.40590236
17657,0,0.44797593
17661,0,0.43953788
17662,0,0.3740985
17666,0,0.30464476
17682,1,0.80989844
17688,0,0.49785486
17693,1,0.5568216
17705,0,0.3998002
17711,0,0.38517356
17715,0,0.36487275
17717,0,0.39532557
17721,0,0.41782072
17728,0,0.3566029
17737,0,0.34700292
17745,0,0.37801772
17755,0,0.41609067
17764,1,0.7576795
17774,0,0.4043367
17785,0,0.3053132
17786,1,0.599912
17789,0,0.4036292
17802,0,0.3356588
17810,1,0.62801385
17819,1,0.7799621
17825,0,0.40739313
17828,0,0.32503095
17833,0,0.37099636
17841,1,0.71828306
17842,0,0.43658522
17844,0,0.41139743
17849,0,0.37020776
17855,0,0.41463438
17857,1,0.8193619
17861,0,0.32033968
17863,0,0.39176744
17868,0,0.3766665
17876,1,0.62738585
17882,0,0.39436582
17885,0,0.32937032
17893,0,0.38178882
17894,0,0.30457684
17902,1,0.7976672
17906,0,0.3233608
17911,1,0.55995834
17917,0,0.3501113
17921,0,0.28851944
17941,0,0.4321636
17945,0,0.39305052
17949,0,0.41498235
17954,0,0.34450105
17957,0,0.3673707
17958,1,0.75219625
17960,0,0.42110214
17985,1,0.73568785
18000,1,0.59494215
18002,1,0.7746531
18008,0,0.35239974
18014,0,0.4194257
18015,1,0.8935898
18019,0,0.4115906
18021,0,0.4158149
18026,0,0.2903002
18029,0,0.37060747
18034,1,0.64772296
18035,0,0.34677163
18036,1,0.55458707
18039,1,0.8053666
18066,0,0.39281315
18076,0,0.41554046
18089,0,0.39299208
18104,0,0.36936364
18110,0,0.394633
18129,1,0.6145929
18131,1,0.5719898
18133,0,0.36017087
18136,0,0.35639113
18148,1,0.50603676
18152,0,0.18711436
18167,1,0.52349764
18177,0,0.39249265
18178,0,0.33792207
18183,0,0.39635375
18194,1,0.5158634
18197,1,0.5879564
18213,0,0.34671047
18214,0,0.30506927
18221,0,0.35650864
18227,0,0.29131764
18239,1,0.8765512
18245,0,0.4338672
18266,0,0.37576216
18267,0,0.4104809
18274,0,0.3536151
18283,0,0.4110502
18297,0,0.30286992
18302,0,0.38248566
18303,1,0.5980764
18315,0,0.4073512
18324,0,0.31717673
18326,0,0.48755917
18334,0,0.3849757
18336,0,0.345662
18344,0,0.371486
18346,0,0.3659773
18347,0,0.39256003
18350,0,0.36887345
18352,0,0.48877144
18364,1,0.5789086
18366,0,0.363321
18373,0,0.42133665
18391,0,0.42601168
18393,0,0.40947974
18395,0,0.47430912
18400,1,0.5202594
18408,0,0.37753394
18421,0,0.47723353
18425,1,0.56067604
18443,0,0.3311808
18451,0,0.39472505
18456,0,0.41594157
18458,1,0.6611694
18460,0,0.3590016
18467,1,0.550572
18468,0,0.417516
18475,0,0.43937182
18485,0,0.28426403
18494,1,0.7336751
18495,1,0.82078993
18508,0,0.4335302
18530,0,0.37492058
18533,0,0.3931222
18547,0,0.34888124
18548,0,0.3385779
18553,0,0.36312032
18561,0,0.39167744
18565,1,0.7716528
18572,0,0.35632357
18593,0,0.34902346
18600,0,0.4055406
18621,0,0.49915022
18629,1,0.706821
18637,0,0.3768296
18649,0,0.33354345
18653,0,0.45403436
18660,0,0.3490821
18671,0,0.42713463
18672,0,0.36504632
18677,0,0.40791547
18681,1,0.93930763
18684,1,0.9522078
18686,0,0.34003556
18689,0,0.492001
18690,1,0.61365265
18709,1,0.5821513
18716,1,0.8048627
18723,1,0.53974766
18773,0,0.35740358
18782,0,0.43332028
18797,1,0.6205678
18810,0,0.3175227
18817,1,0.53102857
18820,1,0.8044029
18825,0,0.33118612
18837,1,0.59923404
18850,1,0.6468374
18857,1,0.52494645
18861,1,0.5409029
18867,0,0.3864263
18870,0,0.41096106
18877,1,0.6785114
18887,1,0.5376335
18898,0,0.4148303
18900,1,0.5148055
18914,0,0.46851096
18921,1,0.5210118
18922,1,0.58541965
18945,0,0.41223446
18947,1,0.69494396
18953,0,0.46570966
18954,0,0.35936007
18957,1,0.6950345
18960,1,0.721898
18973,0,0.39506063
18983,0,0.34022823
18990,0,0.37226847
18991,0,0.31186906
18993,0,0.33865526
18995,0,0.3865822
18996,0,0.39381883
19003,0,0.41163573
19014,0,0.39436206
19015,0,0.39618152
19019,1,0.7108843
19028,0,0.41626978
19038,0,0.3522631
19040,0,0.45558345
19046,0,0.3265988
19051,0,0.28608263
19054,1,0.9007857
19056,0,0.4224642
19074,0,0.3942094
19085,1,0.69095075
19099,1,0.9073454
19124,0,0.4287124
19134,0,0.49966887
19141,0,0.3018764
19146,1,0.71389574
19150,0,0.41424575
19170,0,0.3122107
19176,0,0.33092362
19187,0,0.4073036
19189,0,0.36950588
19202,1,0.62517965
19208,0,0.41052046
19209,0,0.339773
19210,1,0.8600452
19216,0,0.40602857
19217,0,0.3771149
19218,1,0.5628363
19223,0,0.42787814
19240,0,0.31711417
19246,0,0.3570473
19269,0,0.37519276
19275,1,0.7049903
19287,0,0.39474365
19298,0,0.38635236
19303,0,0.38638055
19313,1,0.65331596
19325,0,0.34998795
19326,0,0.3399472
19328,0,0.37705007
19330,0,0.37885627
19340,1,0.5521929
19342,0,0.36429003
19343,0,0.37424952
19344,0,0.46517736
19363,0,0.29746988
19364,0,0.49753326
19371,0,0.3391289
19376,0,0.44168848
19377,0,0.35394463
19381,0,0.4064669
19384,0,0.44909784
19390,0,0.42480847
19402,0,0.3690017
19405,0,0.40185317
19409,0,0.3505845
19418,1,0.63278204
19429,0,0.39565542
19446,1,0.5698318
19458,1,0.59005046
19460,1,0.51306504
19462,1,0.66982216
19465,0,0.37198675
19472,0,0.41217673
19480,0,0.3525302
19503,1,0.7338498
19507,0,0.491862
19517,0,0.29510662
19533,0,0.41040814
19537,0,0.34869897
19541,0,0.37961295
19563,0,0.3643233
19566,1,0.73616827
19568,1,0.60648453
19576,0,0.40869474
19591,0,0.38237557
19597,1,0.77331406
19619,1,0.73705107
19622,1,0.85273176
19623,0,0.40709928
19624,0,0.3332616
19627,0,0.40566328
19629,0,0.4284874
19633,0,0.35933745
19639,0,0.37451965
19641,0,0.35026634
19643,0,0.39782497
19649,0,0.40576968
19652,1,0.7398817
19657,0,0.36509684
19660,1,0.6527963
19668,1,0.8972224
19678,0,0.4118821
19686,1,0.70989925
19690,0,0.29348546
19694,0,0.39502877
19695,0,0.37882486
19702,1,0.66860366
19712,0,0.34759724
19720,1,0.70379394
19735,0,0.496618
19739,0,0.34911773
19740,1,0.7721242
19743,0,0.38465273
19750,1,0.5131965
19752,1,0.5636599
19754,0,0.38106722
19762,1,0.51158565
19770,0,0.37253544
19775,0,0.4761116
19777,0,0.34139302
19782,0,0.3487283
19783,1,0.8551738
19786,0,0.41416463
19805,0,0.38867468
19808,0,0.3720619
19819,1,0.7752007
19821,0,0.35808074
19827,0,0.4199751
19830,1,0.5329126
19832,1,0.5157611
19833,0,0.4155587
19834,0,0.36049762
19843,0,0.40447927
19844,0,0.34874895
19846,0,0.29680318
19847,0,0.34942237
19850,1,0.76171064
19851,0,0.303442
19861,1,0.7876414
19873,0,0.48318383
19878,0,0.34706464
19886,0,0.3840933
19892,1,0.5615876
19901,0,0.3624254
19902,0,0.364294
19920,1,0.66080034
19921,0,0.30619696
19922,0,0.31691623
19929,1,0.80675
19932,0,0.47949526
19935,0,0.37929577
19936,1,0.53061205
19946,1,0.83309793
19950,1,0.60120654
19952,1,0.573815
19955,0,0.46622196
19976,0,0.43942145
19983,1,0.52501976
19987,0,0.3571723
19991,1,0.9355748
19996,0,0.49501893
20007,1,0.88617265
20015,0,0.38628334
20019,0,0.37359577
20023,0,0.4226439
20034,0,0.4361786
20036,0,0.37184918
20038,0,0.37836614
20039,0,0.39917102
20040,1,0.55999184
20045,0,0.39621726
20046,0,0.47589704
20048,0,0.42829874
20060,1,0.5610745
20068,0,0.3696708
20074,1,0.8817716
20111,0,0.363037
20117,0,0.35649607
20125,0,0.30237097
20129,1,0.72685564
20134,0,0.3277463
20135,0,0.30881056
20139,0,0.36327037
20142,1,0.50146437
20147,1,0.5191185
20154,1,0.7960394
20157,0,0.30883762
20169,0,0.26694426
20179,0,0.30421668
20202,0,0.401781
20207,0,0.47801325
20215,0,0.4178236
20216,1,0.8830954
20217,1,0.89842385
20218,1,0.8715575
20219,0,0.4725299
20226,0,0.34666812
20236,0,0.34025082
20239,0,0.32505903
20246,0,0.3074952
20247,0,0.2951257
20253,0,0.4992707
20255,0,0.28724685
20268,0,0.3461114
20270,1,0.8747362
20271,0,0.3249311
20279,1,0.729538
20282,1,0.7970312
20295,0,0.30014044
20302,1,0.640587
20305,1,0.6206834
20306,1,0.69837916
20308,0,0.35418415
20330,1,0.5157257
20335,0,0.44525126
20344,0,0.4099877
20349,1,0.71139985
20360,0,0.40601674
20362,1,0.6392158
20378,1,0.56874216
20394,0,0.36953986
20397,1,0.81162566
20403,0,0.41236898
20405,0,0.48825842
20415,0,0.35585958
20417,0,0.3108903
20420,0,0.38730496
20425,0,0.46512738
20430,1,0.7438549
20435,1,0.52999634
20443,0,0.47636417
20446,1,0.5170402
20458,0,0.3620659
20459,1,0.72222745
20467,0,0.43597892
20470,1,0.85270834
20482,1,0.6793238
20489,1,0.7386221
20495,0,0.3370622
20496,0,0.37681565
20497,1,0.65479547
20505,0,0.4970133
20509,1,0.81656545
20535,0,0.3581651
20539,1,0.8734341
20544,1,0.69187623
20547,0,0.41780427
20556,0,0.27614573
20557,1,0.5244434
20575,0,0.4001932
20577,0,0.41307497
20596,0,0.3710422
20597,1,0.5085809
20602,0,0.4197627
20603,0,0.4675375
20609,1,0.83887917
20618,0,0.3474999
20621,1,0.7506257
20628,0,0.31587324
20634,1,0.65373147
20637,0,0.3864952
20641,0,0.36632052
20642,0,0.4649369
20647,0,0.38253224
20655,1,0.5334833
20656,0,0.28030127
20661,0,0.3212319
20664,1,0.7641291
20674,1,0.84706986
20679,0,0.49961337
20680,0,0.40876213
20683,1,0.9395736
20687,0,0.36197713
20688,1,0.8130991
20695,0,0.28345472
20696,0,0.3135089
20699,0,0.32903886
20701,0,0.31854385
20702,0,0.3929886
20704,0,0.291646
20721,0,0.37189007
20725,0,0.2921383
20731,0,0.39480695
20741,0,0.380645
20742,0,0.39171198
20753,1,0.764063
20756,0,0.35402754
20769,0,0.3106958
20771,0,0.48924798
20774,0,0.4039931
20777,0,0.387256
20781,0,0.38818136
20797,1,0.63751376
20808,0,0.41330606
20810,0,0.48130673
20820,0,0.3229286
20823,1,0.9440358
20829,1,0.8121446
20832,0,0.3848879
20833,0,0.33811998
20837,0,0.35692397
20838,0,0.41805896
20839,0,0.35736915
20847,0,0.4008138
20861,0,0.30015388
20869,1,0.95413196
20875,0,0.30281368
20877,0,0.4296489
20889,0,0.36437812
20894,1,0.5605342
20901,0,0.49076855
20919,0,0.32940403
20923,0,0.30280206
20935,1,0.71439964
20937,0,0.3365998
20939,1,0.8306465
20940,0,0.40380916
20943,0,0.3413866
20946,0,0.40982664
20950,1,0.5084264
20961,1,0.88144934
20965,0,0.34114295
20967,1,0.54682934
20969,0,0.41246307
20970,0,0.3699015
20975,1,0.653258
20987,0,0.3552674
20995,1,0.74536777
20998,1,0.8558889
21002,0,0.30386692
21012,1,0.8102663
21013,1,0.79929394
21015,0,0.3464765
21017,0,0.41964823
21020,0,0.33108792
21028,0,0.38298684
21031,0,0.39335382
21036,0,0.30481225
21040,0,0.30690387
21048,1,0.61407113
21049,0,0.3148721
21051,1,0.5111358
21070,0,0.41404375
21072,1,0.721378
21079,0,0.44950986
21090,1,0.5040349
21093,0,0.38230532
21104,0,0.32543498
21114,0,0.37335607
21117,0,0.36987403
21120,0,0.3059357
21121,0,0.30196145
21132,0,0.2978303
21136,0,0.46352938
21139,1,0.69087344
21140,0,0.41012913
21146,0,0.4722338
21150,0,0.38188323
21178,0,0.47260177
21180,1,0.76705664
21198,0,0.36619794
21203,0,0.39051104
21210,0,0.3992238
21218,0,0.334684
21220,0,0.3850916
21222,0,0.3352412
21228,1,0.5746945
21236,1,0.531482
21239,0,0.29700866
21260,0,0.3863362
21267,0,0.32049656
21271,0,0.3278785
21279,0,0.4361435
21286,0,0.328984
21288,0,0.35049066
21294,1,0.6203085
21298,0,0.31402817
21299,0,0.49088308
21300,1,0.77835715
21304,0,0.36436182
21307,0,0.40891954
21309,0,0.33144543
21311,0,0.39111722
21331,0,0.3613716
21332,1,0.86359894
21342,0,0.48660904
21345,1,0.63667274
21348,1,0.87911236
21353,1,0.58084786
21357,0,0.4159873
21369,0,0.49879956
21370,1,0.7185886
21371,0,0.39523217
21373,0,0.35650122
21385,1,0.53372055
21392,0,0.4168854
21401,0,0.4327759
21403,0,0.3650875
21406,0,0.41880515
21413,1,0.5733714
21414,1,0.5746945
21416,1,0.5141758
21423,1,0.865906
21442,1,0.63618255
21443,0,0.42352027
21448,0,0.39507645
21459,1,0.70758426
21467,0,0.3881573
21474,1,0.55741346
21484,0,0.32609648
21488,0,0.4907957
21495,0,0.33126017
21498,0,0.39778027
21502,0,0.37000316
21503,1,0.50604945
21510,1,0.5055476
21516,1,0.80524427
21533,1,0.6993566
21535,0,0.4099325
21539,0,0.3339144
21541,0,0.343141
21544,0,0.492843
21554,1,0.5923026
21569,0,0.38848728
21572,0,0.39953938
21578,0,0.38502958
21580,0,0.39106345
21584,0,0.3862865
21589,1,0.56556016
21595,0,0.3666358
21598,0,0.47473836
21599,0,0.37496787
21606,0,0.36159033
21623,0,0.37442383
21639,1,0.5121544
21641,0,0.3918767
21645,0,0.31726044
21647,0,0.4769304
21648,0,0.39547694
21657,0,0.40756473
21671,0,0.3625489
21673,0,0.34094238
21678,0,0.37681758
21696,1,0.61382174
21699,0,0.46653387
21700,0,0.3846012
21703,0,0.4390797
21710,0,0.4276961
21721,0,0.40157416
21727,0,0.33640662
21728,1,0.6378113
21731,0,0.3895421
21741,0,0.40364495
21744,1,0.6232966
21748,0,0.3178492
21753,0,0.40651998
21756,1,0.56300485
21763,0,0.361376
21767,0,0.40739015
21772,1,0.8122032
21774,0,0.34354115
21775,1,0.52340734
21780,1,0.57491267
21787,1,0.5327135
21805,0,0.34381986
21828,0,0.41254973
21831,0,0.3233506
21837,0,0.30513543
21842,0,0.38051173
21849,0,0.34509787
21856,0,0.49868
21858,0,0.36788377
21862,0,0.36229226
21864,0,0.3070368
21867,0,0.4095565
21879,0,0.36090133
21881,0,0.3692433
21883,0,0.4027088
21891,0,0.38347688
21892,0,0.41040578
21902,0,0.37114182
21909,0,0.4081098
21914,0,0.33960107
21918,0,0.31363648
21919,0,0.3278512
21926,0,0.41878343
21930,1,0.6695228
21934,1,0.71117365
21940,0,0.31614774
21945,0,0.41013306
21948,1,0.8603935
21953,0,0.350027
21954,0,0.3779851
21956,1,0.63750315
21963,1,0.7005681
21970,1,0.56291044
21984,0,0.30917493
21997,0,0.34246424
21999,0,0.39745855
22001,0,0.3634304
22002,0,0.35938326
22010,0,0.36683765
22013,0,0.29972798
22022,0,0.30053586
22024,0,0.3013853
22028,0,0.31054664
22029,1,0.65284926
22045,0,0.35585287
22049,0,0.36688215
22064,1,0.54593694
22069,1,0.5239564
22074,1,0.655101
22082,0,0.37842792
22084,0,0.41536695
22090,1,0.5779972
22096,1,0.61035305
22100,0,0.33182076
22105,0,0.3268007
22119,0,0.41498446
22130,0,0.37612587
22152,1,0.5361391
22155,0,0.39405575
22164,0,0.3011863
22173,0,0.40408033
22194,0,0.43655297
22209,0,0.3410334
22217,0,0.3465177
22220,0,0.40025815
22222,1,0.6419686
22244,0,0.29410374
22245,0,0.3771893
22250,0,0.44490308
22256,1,0.7962008
22261,1,0.77451503
22264,0,0.38745818
22270,0,0.49185356
22279,1,0.839003
22280,0,0.3694946
22284,0,0.3365917
22288,0,0.34908935
22293,0,0.3910322
22297,1,0.94429266
22307,0,0.340224
22310,0,0.30384412
22319,1,0.5124654
22324,0,0.32854396
22326,0,0.3852614
22327,0,0.3871522
22329,0,0.33706364
22331,1,0.66560894
22340,1,0.6796675
22342,1,0.50183123
22347,1,0.50637186
22351,0,0.3668062
22357,0,0.36065164
22361,0,0.3894871
22371,0,0.36270788
22373,0,0.40606225
22391,1,0.5600052
22404,1,0.6052888
22409,1,0.5519153
22411,0,0.39654315
22428,0,0.39955702
22436,0,0.42314422
22444,1,0.7219188
22445,0,0.35039857
22451,0,0.30664217
22463,0,0.32841763
22464,0,0.31288338
22467,1,0.812507
22472,0,0.3878062
22485,1,0.820224
22497,0,0.40569115
22504,0,0.47154683
22508,0,0.40279272
22516,0,0.32326496
22522,0,0.30345622
22527,1,0.5484901
22543,1,0.71129894
22549,0,0.3688859
22551,1,0.5532849
22557,0,0.45882297
22562,0,0.3079238
22567,0,0.31208614
22572,0,0.3732089
22575,0,0.391579
22578,1,0.52705723
22579,0,0.38075444
22580,0,0.3577182
22581,0,0.3525701
22591,1,0.50908965
22593,0,0.34057644
22597,0,0.30866346
22600,1,0.51658964
22602,1,0.5878224
22603,0,0.49182826
22616,1,0.6181671
22617,0,0.35740802
22622,0,0.42769343
22623,0,0.37507683
22624,1,0.68364143
22628,0,0.39476034
22640,0,0.37576714
22641,0,0.35569066
22653,1,0.5096017
22660,0,0.3914485
22672,1,0.6188014
22674,0,0.37613332
22689,1,0.53862166
22698,0,0.31322944
22705,1,0.55780596
22709,1,0.8482284
22711,0,0.33201298
22714,1,0.81418955
22715,0,0.37193173
22729,0,0.48317292
22730,0,0.48516533
22733,0,0.2951364
22750,0,0.2878469
22754,1,0.5440141
22756,0,0.4828092
22758,1,0.63838416
22767,1,0.74480873
22768,0,0.35761485
22769,1,0.66431475
22776,0,0.34450358
22778,0,0.30264282
22780,1,0.7563045
22789,1,0.68112665
22797,0,0.49898466
22799,1,0.5728808
22814,0,0.35832974
22818,0,0.33168492
22821,0,0.49657983
22823,1,0.50730073
22841,0,0.33865663
22847,0,0.42648873
22848,1,0.5072205
22862,0,0.3084912
22875,1,0.88530385
22877,1,0.6155496
22887,0,0.3767831
22892,0,0.38563758
22899,1,0.5812012
22901,1,0.5130483
22907,0,0.44992918
22909,0,0.41265166
22926,0,0.39345056
22927,0,0.37137014
22930,0,0.35724863
22934,0,0.44157422
22937,0,0.34067765
22939,1,0.863464
22949,0,0.40262088
22951,0,0.36900613
22955,0,0.36077124
22965,1,0.9230186
22966,1,0.8460741
22968,1,0.96759886
22972,0,0.42418686
22975,0,0.42418686
22981,0,0.4106406
22988,1,0.53453416
22994,0,0.32120463
22996,1,0.80151623
23011,1,0.8029756
23028,0,0.34314963
23031,0,0.3694816
23035,0,0.36674106
23038,0,0.3459874
23042,0,0.32905447
23049,1,0.7824668
23051,1,0.9661904
23053,0,0.3110925
23057,1,0.80272096
23058,0,0.30182302
23063,0,0.40864965
23064,0,0.37067044
23067,0,0.4287328
23071,0,0.40417185
23075,0,0.31535366
23077,1,0.75100017
23090,0,0.36307225
23094,0,0.34307986
23097,0,0.3847734
23103,0,0.37733296
23107,1,0.78018516
23117,0,0.36968616
23122,0,0.3989358
23124,0,0.34742817
23126,0,0.37924883
23129,1,0.7660483
23136,0,0.29476565
23141,0,0.32534385
23142,0,0.32519707
23147,0,0.38725072
23154,0,0.39761874
23159,0,0.423203
23165,0,0.29383665
23171,1,0.73099643
23173,0,0.3450944
23175,0,0.31685796
23179,1,0.95955527
23182,1,0.8976298
23185,1,0.5137623
23188,0,0.34247592
23189,0,0.37380713
23209,0,0.32664284
23214,0,0.2519349
23215,0,0.36616546
23233,0,0.31156197
23241,0,0.43882462
23252,0,0.39204878
23255,0,0.38352478
23263,0,0.36252898
23281,0,0.33501244
23282,0,0.4366194
23289,0,0.3678601
23292,0,0.37587112
23296,0,0.41259
23297,0,0.38524505
23301,0,0.3244028
23302,0,0.44665512
23304,0,0.40655187
23309,0,0.4088936
23312,0,0.422268
23316,0,0.3463332
23321,0,0.41832048
23342,0,0.33534938
23344,0,0.3515026
23350,0,0.37400985
23367,1,0.7130786
23368,0,0.36425018
23374,0,0.30871925
23387,0,0.3708861
23389,1,0.87192816
23399,1,0.6120198
23403,0,0.4603847
23406,1,0.928183
23414,1,0.5390942
23415,0,0.36639014
23419,1,0.6381855
23436,0,0.3657548
23439,1,0.8639461
23444,0,0.28332978
23445,0,0.3568187
23455,0,0.39054894
23469,0,0.34745538
23472,0,0.41568232
23477,0,0.34557334
23478,1,0.72061616
23479,0,0.34364292
23487,0,0.34916022
23490,0,0.33958334
23491,1,0.7014515
23492,0,0.30170378
23494,0,0.4215666
23496,0,0.421395
23497,0,0.40696388
23506,0,0.3948042
23515,0,0.3635661
23528,0,0.33068702
23532,0,0.39041817
23549,0,0.49088317
23551,0,0.3838416
23552,0,0.3474302
23555,0,0.300372
23556,0,0.3671124
23564,1,0.60395026
23583,0,0.39381313
23592,0,0.2801796
23597,1,0.94965583
23601,0,0.332865
23605,1,0.7683364
23615,0,0.37887308
23619,0,0.33789352
23621,1,0.9521972
23626,1,0.68809116
23635,0,0.28393427
23637,0,0.38996813
23640,0,0.30061266
23646,0,0.36030808
23655,0,0.34752682
23672,1,0.5257838
23673,0,0.36266792
23682,0,0.37357762
23683,0,0.28177527
23699,0,0.35356203
23704,1,0.5870131
23707,1,0.92288464
23713,0,0.40349802
23714,0,0.37165162
23716,0,0.29734713
23718,1,0.5697317
23721,0,0.40528062
23735,0,0.39720914
23737,0,0.38642436
23744,0,0.36511943
23749,1,0.5848753
23755,1,0.6244162
23769,1,0.5253747
23772,0,0.29320922
23773,0,0.2452104
23774,0,0.4660525
23779,0,0.28371292
23782,0,0.27559778
23793,0,0.26752213
23803,1,0.9310028
23828,0,0.4924855
23833,1,0.52532923
23834,1,0.66526836
23844,0,0.30240124
23845,1,0.74378824
23852,1,0.6879379
23855,1,0.6888112
23867,0,0.37488237
23872,1,0.61776906
23874,0,0.3089762
23880,0,0.29813233
23886,0,0.37448668
23898,0,0.38142863
23900,0,0.30282956
23903,0,0.3171938
23907,0,0.40886807
23908,1,0.60758126
23912,0,0.2881839
23916,0,0.39640668
23917,0,0.28834632
23918,0,0.30693978
23922,0,0.37051815
23928,0,0.32862878
23940,1,0.57810575
23944,1,0.6940384
23945,0,0.30908218
23951,0,0.31226665
23966,0,0.428008
23970,0,0.36235434
23971,0,0.37337875
23976,1,0.62580115
23980,0,0.3618406
23987,1,0.9515428
23988,0,0.38224584
23993,0,0.34494513
23997,0,0.3694428
23998,0,0.30146888
23999,1,0.85321945
24010,1,0.6895998
24015,1,0.66270983
24023,0,0.3288879
24033,0,0.374508
24046,1,0.6851108
24060,0,0.3569295
24062,0,0.41772965
24065,1,0.7207498
24070,0,0.34198466
24071,0,0.2974727
24073,0,0.3834185
24079,0,0.31062964
24082,1,0.92192036
24084,0,0.3679907
24089,0,0.36477354
24094,0,0.28537536
24100,0,0.35590178
24105,0,0.38184726
24106,0,0.4087278
24108,1,0.62647754
24111,1,0.9309042
24120,1,0.53170717
24125,1,0.51222295
24134,1,0.5599893
24140,0,0.3619522
24151,0,0.41421485
24153,0,0.28796676
24154,0,0.3281549
24161,0,0.30486736
24166,0,0.33302456
24170,1,0.6729419
24176,0,0.35385722
24182,1,0.88260835
24188,0,0.31391537
24190,0,0.33651936
24201,1,0.93407094
24211,0,0.48594502
24215,1,0.62649184
24216,1,0.9385981
24219,0,0.3869968
24222,1,0.7112295
24240,1,0.9452136
24243,0,0.33897334
24245,0,0.31415993
24251,0,0.40001076
24256,1,0.94167346
24258,0,0.3469092
24261,0,0.39258623
24263,0,0.30174237
24264,0,0.34925207
24266,0,0.36592737
24273,0,0.3777738
24278,0,0.3767238
24289,1,0.9566639
24292,0,0.36060438
24293,0,0.3354833
24298,1,0.9582287
24299,0,0.40277386
24303,1,0.73978627
24304,0,0.35294035
24305,0,0.35371462
24329,0,0.394969
24341,0,0.39136666
24345,1,0.8572161
24353,0,0.39403668
24358,1,0.9589132
24364,1,0.65627724
24367,0,0.39329812
24370,1,0.7397668
24377,0,0.40128186
24380,0,0.38309598
24381,0,0.34850863
24387,0,0.33900476
24391,0,0.37965465
24409,1,0.95457613
24413,0,0.3902849
24416,0,0.3838075
24427,0,0.42923275
24439,0,0.32425788
24443,0,0.36669087
24448,0,0.3936701
24454,1,0.9108648
24455,0,0.3697691
24461,0,0.38657486
24464,0,0.3847946
24468,0,0.40131557
24469,0,0.35027754
24501,0,0.39437142
24508,0,0.34707275
24519,0,0.3430953
24520,1,0.9738361
24538,0,0.34919345
24540,1,0.8181411
24550,0,0.31708533
24552,0,0.3250649
24561,0,0.4163384
24577,1,0.5080998
24579,0,0.38733405
24580,0,0.3873873
24582,0,0.36313733
24591,1,0.5575398
24592,0,0.38981995
24599,1,0.657731
24602,0,0.29308677
24606,0,0.37118107
24617,0,0.41006172
24619,1,0.53871006
24630,0,0.29951596
24633,1,0.89286
24634,1,0.64832795
24638,0,0.34992197
24641,0,0.36514288
24644,0,0.39936864
24645,1,0.9074617
24656,0,0.41043022
24661,0,0.3105766
24663,1,0.8028867
24667,0,0.37805727
24669,1,0.78017294
24682,0,0.36369348
24698,0,0.39990747
24699,1,0.84588164
24702,0,0.3867139
24703,0,0.45605654
24717,0,0.39131913
24724,1,0.9790836
24731,0,0.36314893
24737,0,0.387873
24740,0,0.45080957
24743,0,0.40764925
24744,1,0.975409
24755,0,0.43412796
24757,0,0.40618405
24765,0,0.48663512
24766,0,0.30519125
24776,1,0.8622401
24787,1,0.9588769
24789,1,0.59257466
24791,0,0.28809032
24792,0,0.3934059
24804,0,0.26422226
24812,0,0.4026079
24816,0,0.36424503
24817,0,0.41805378
24820,1,0.5276502
24828,0,0.39414048
24832,0,0.34279194
24836,0,0.40642768
24842,1,0.8408646
24846,0,0.40054998
24847,0,0.3842103
24848,1,0.975249
24851,1,0.8449263
24855,1,0.8568934
24856,0,0.36806613
24871,0,0.39200714
24874,0,0.40561825
24877,0,0.34028947
24889,0,0.2930675
24897,0,0.40613714
24899,1,0.8535005
24908,0,0.3771462
24913,1,0.8555033
24923,0,0.38533062
24933,0,0.37274608
24971,0,0.39798316
24973,1,0.97083575
24993,1,0.52447706
24998,0,0.46620047
25000,1,0.9636803
25001,1,0.9636803
25002,0,0.38322684
25003,1,0.9679597
25009,0,0.3148673
25024,0,0.3595278
25026,0,0.40876052
25027,1,0.95290494
25034,0,0.38266852
25050,0,0.4140989
25057,0,0.35136566
25067,1,0.5496649
25075,0,0.32760325
25081,0,0.37636784
25085,0,0.39499947
25093,0,0.35507864
25097,0,0.39255863
25103,0,0.3755503
25104,0,0.37152198
25109,0,0.37664524
25112,1,0.73723644
25113,0,0.2958558
25114,0,0.4201754
25119,0,0.36730537
25121,0,0.40667167
25122,1,0.71032554
25124,1,0.7750345
25131,0,0.37148333
25134,1,0.6061174
25144,0,0.40001887
25147,1,0.77353555
25148,0,0.34782466
25149,0,0.41108423
25155,0,0.37637773
25169,1,0.6591839
25177,1,0.6847635
25178,0,0.37443206
25179,0,0.3513402
25180,1,0.6847635
25191,1,0.7509733
25199,0,0.41455883
25232,1,0.5255385
25241,0,0.35305202
25242,1,0.73428893
25243,0,0.3338131
25246,0,0.41458
25259,1,0.665816
25265,1,0.7226725
25278,1,0.5442353
25280,0,0.39139685
25284,0,0.3600903
25286,1,0.6452643
25288,0,0.37623414
25318,1,0.93842673
25330,1,0.71340877
25333,0,0.31395194
25339,0,0.3136932
25340,1,0.7178299
25346,0,0.31315762
25349,1,0.6295997
25351,0,0.3062577
25361,1,0.6709051
25366,0,0.3433653
25368,1,0.9112531
25369,0,0.30035383
25370,0,0.25317064
25375,0,0.27136955
25376,1,0.5850672
25377,0,0.3487446
25379,0,0.38325003
25382,0,0.37535805
25386,0,0.36748168
25389,0,0.36748168
25399,0,0.41774565
25400,1,0.90939987
25401,1,0.7729402
25407,0,0.39627928
25409,0,0.32534936
25412,0,0.44698972
25416,0,0.38719118
25418,0,0.42299172
25423,0,0.39690846
25436,0,0.3501097
25439,0,0.31664267
25442,0,0.3260705
25445,1,0.95521647
25446,0,0.39710483
25453,0,0.37318438
25456,0,0.28045297
25458,0,0.26348493
25460,0,0.38544086
25461,0,0.37347183
25468,1,0.6531852
25470,0,0.33865088
25471,0,0.3965006
25482,0,0.36612263
25501,1,0.84135246
25504,1,0.65125203
25515,0,0.3862138
25518,0,0.4109262
25528,0,0.41471198
25533,0,0.41433892
25543,0,0.39713868
25548,0,0.3820386
25564,0,0.34988633
25572,1,0.6476441
25576,0,0.29838207
25577,0,0.31332043
25587,0,0.30965504
25591,0,0.40891576
25596,0,0.41533443
25598,0,0.4276171
25617,0,0.30085832
25618,1,0.93226355
25620,0,0.408322
25623,0,0.35287702
25626,0,0.40773892
25628,0,0.34511298
25633,1,0.5196818
25637,0,0.3670527
25644,0,0.42893013
25662,0,0.3467543
25663,0,0.41923696
25673,1,0.6263197
25678,0,0.36915225
25685,0,0.3391734
25691,0,0.39412543
25706,0,0.40958923
25707,0,0.40738952
25723,0,0.34548974
25725,0,0.3372657
25735,1,0.6161196
25740,0,0.34586805
25759,0,0.39578223
25761,1,0.5227881
25769,0,0.3002939
25774,0,0.4240611
25779,1,0.7709301
25781,0,0.39649275
25784,1,0.95147794
25790,1,0.96004903
25796,0,0.37282246
25816,0,0.34639707
25847,0,0.41357124
25850,0,0.40200737
25852,1,0.62224495
25856,0,0.3638464
25866,0,0.39228395
25867,1,0.7357939
25868,0,0.3577754
25869,0,0.30579007
25877,1,0.7222042
25878,0,0.3910899
25890,0,0.3752769
25898,1,0.9148028
25899,0,0.35722253
25906,1,0.9622606
25907,1,0.8216075
25915,1,0.9685896
25932,1,0.7412777
25939,0,0.39508346
25946,1,0.8068977
25951,1,0.76344925
25959,0,0.37126464
25961,0,0.34024504
25964,0,0.47854343
25969,0,0.36183134
25980,0,0.37814492
25986,0,0.30086082
25992,0,0.411233
25998,0,0.39195442
26000,0,0.43549508
26006,0,0.3748402
26009,0,0.31557593
26016,0,0.42274734
26023,1,0.968362
26038,1,0.5047801
26041,0,0.3791921
26050,0,0.40762314
26051,1,0.9634434
26057,0,0.43253428
26060,0,0.28136587
26062,0,0.42663613
26067,1,0.9600129
26068,0,0.35975873
26072,0,0.4317146
26074,1,0.5401088
26075,0,0.33963573
26081,1,0.79590017
26108,1,0.8464714
26112,1,0.96153235
26113,0,0.4007664
26115,1,0.6452904
26122,0,0.4142121
26139,0,0.29779103
26162,0,0.3186222
26165,0,0.39090684
26173,0,0.39271107
26177,0,0.36985046
26179,0,0.304614
26184,0,0.3335988
26190,0,0.38003042
26204,0,0.41462535
26205,0,0.1923671
26212,1,0.63083243
26215,0,0.3798726
26227,1,0.7536975
26232,1,0.6568845
26237,0,0.33563632
26246,1,0.52239674
26248,1,0.7263935
26249,0,0.4435149
26260,0,0.35329548
26263,0,0.37825617
26267,1,0.94003826
26269,0,0.40903485
26271,1,0.75635767
26273,0,0.46311995
26286,0,0.35329548
26297,0,0.40574545
26309,0,0.38373867
26313,0,0.35972816
26319,0,0.37640277
26329,0,0.42463422
26330,1,0.75635767
26333,0,0.3631368
26361,1,0.88171726
26366,0,0.27632642
26376,1,0.95108837
26378,1,0.5950238
26382,0,0.4109121
26389,0,0.36198884
26391,0,0.36387417
26401,1,0.683456
26415,0,0.37575656
26419,1,0.55906683
26421,1,0.95434374
26422,0,0.39011428
26423,1,0.7021227
26424,1,0.534325
26441,1,0.689507
26442,0,0.36863086
26446,1,0.7196981
26447,0,0.36025283
26448,0,0.40788808
26451,0,0.4071545
26459,0,0.39137682
26465,0,0.3423318
26476,0,0.4147646
26481,0,0.3871334
26487,1,0.9528782
26501,0,0.422002
26513,1,0.7426449
26517,0,0.4190147
26527,1,0.68571204
26534,1,0.7426449
26535,1,0.9495886
26545,0,0.32768345
26550,0,0.36722174
26558,0,0.4669444
26571,1,0.75854117
26573,0,0.302483
26575,0,0.4023814
26578,0,0.302483
26583,1,0.6860652
26590,0,0.37221882
26593,1,0.67549723
26602,0,0.40921637
26606,1,0.80129826
26613,1,0.7633124
26615,0,0.41777408
26618,0,0.40481123
26628,1,0.95540065
26630,1,0.73670554
26635,0,0.4495291
26645,0,0.3770407
26648,0,0.3424921
26651,0,0.35040367
26660,0,0.4490488
26663,1,0.5489378
26664,1,0.7336855
26665,1,0.5052827
26673,1,0.6824775
26675,0,0.3687127
26676,1,0.6111328
26677,0,0.41826543
26679,0,0.4016633
26687,0,0.35288972
26689,0,0.4834696
26697,1,0.50822634
26737,1,0.75414395
26747,1,0.9648122
26748,0,0.42476282
26749,0,0.4351498
26754,1,0.9648122
26759,0,0.4461119
26760,1,0.7677022
26765,0,0.42481557
26769,0,0.38096842
26771,0,0.3596521
26776,0,0.38055283
26778,0,0.38547388
26780,0,0.3575936
26783,0,0.3434601
26785,0,0.44039437
26800,0,0.40309098
26804,0,0.37964007
26812,0,0.3674168
26816,0,0.30515626
26823,1,0.7581868
26834,0,0.31784815
26836,1,0.60050875
26841,1,0.65034384
26845,0,0.42189574
26849,0,0.45312318
26854,1,0.7697327
26858,0,0.39765313
26860,0,0.3654885
26866,0,0.3919413
26871,0,0.40723702
26873,0,0.31810164
26905,0,0.38848546
26907,0,0.4175558
26920,1,0.73572874
26924,0,0.27997062
26930,0,0.4155158
26942,1,0.5166087
26944,0,0.2971218
26949,1,0.5354774
26952,1,0.90109164
26956,0,0.40386105
26973,0,0.37451625
26977,0,0.4409254
26993,1,0.78992116
26997,0,0.42015308
26999,1,0.6337046
27021,0,0.36502916
27023,0,0.38962975
27025,0,0.18119866
27027,0,0.38949162
27032,1,0.5825151
27034,0,0.4222809
27036,1,0.64328974
27045,0,0.3616725
27050,0,0.41772678
27051,0,0.4623362
27055,0,0.40721014
27056,0,0.38484892
27060,0,0.3976856
27061,1,0.6828134
27066,1,0.67016184
27070,0,0.38005754
27073,0,0.38557282
27077,1,0.5325412
27085,0,0.42461535
27086,0,0.40015787
27099,0,0.23914482
27105,0,0.23914482
27109,0,0.33857954
27125,0,0.43554005
27135,0,0.40857634
27139,0,0.49060154
27140,1,0.9206376
27141,0,0.3502979
27142,0,0.31989652
27144,0,0.32082918
27148,0,0.36888674
27154,0,0.41911474
27162,1,0.72495925
27175,1,0.51033956
27176,0,0.37582797
27178,1,0.70313835
27197,0,0.33302766
27204,0,0.37459505
27205,0,0.37196591
27206,0,0.36435583
27207,0,0.3319773
27216,0,0.31432116
27230,0,0.36558312
27234,0,0.42039624
27241,0,0.35672337
27249,1,0.9544867
27251,0,0.37930495
27252,1,0.568135
27256,1,0.6894999
27257,1,0.5227751
27263,0,0.3726129
27268,0,0.4267824
27269,0,0.31966388
27276,0,0.37944418
27279,1,0.5501412
27288,1,0.6878781
27295,0,0.36661744
27299,0,0.2562912
27302,0,0.36124003
27304,0,0.39256388
27316,1,0.5154029
27318,0,0.33855423
27330,0,0.4428461
27333,1,0.6937611
27335,0,0.31793332
27339,0,0.3894142
27341,1,0.51255417
27342,0,0.33990958
27345,1,0.56701
27347,1,0.60343075
27354,1,0.58045924
27361,0,0.35842034
27375,1,0.68502027
27387,1,0.5846937
27390,1,0.5846937
27392,1,0.9143445
27399,0,0.42367414
27403,0,0.41025978
27410,1,0.5924671
27423,0,0.4276557
27429,0,0.39220622
27432,1,0.5681935
27436,0,0.39479876
27437,1,0.78692317
27441,1,0.778385
27444,1,0.7360297
27445,0,0.33994937
27448,1,0.81168556
27454,0,0.4162358
27459,0,0.37275368
27465,0,0.33711457
27478,1,0.963431
27479,0,0.41940653
27481,1,0.6979593
27483,0,0.49706033
27486,0,0.4208563
27498,0,0.35858777
27505,0,0.36595803
27507,0,0.38163123
27509,0,0.3378016
27514,0,0.39931872
27527,1,0.83833265
27535,0,0.38400427
27544,0,0.46249372
27545,0,0.35022688
27556,0,0.35165703
27563,0,0.3895068
27569,0,0.38847834
27585,1,0.6232049
27589,0,0.3123046
27605,0,0.36908048
27608,1,0.86045957
27609,0,0.3253741
27611,0,0.40430042
27621,0,0.4308209
27626,1,0.87359464
27629,0,0.3648817
27645,1,0.86045957
27651,0,0.32211432
27654,0,0.40686518
27656,1,0.8504842
27663,1,0.8567852
27673,0,0.34456497
27677,0,0.36021668
27678,0,0.33686265
27680,0,0.41404292
27681,0,0.3207419
27684,0,0.3900493
27688,0,0.4019478
27706,0,0.39176658
27709,0,0.35492793
27720,0,0.40887037
27722,0,0.35734692
27733,1,0.72657245
27734,0,0.40087628
27739,0,0.32154864
27746,0,0.3166466
27751,1,0.90666306
27755,0,0.43327793
27777,0,0.49412405
27783,0,0.36307675
27795,0,0.41299424
27805,0,0.4021928
27811,0,0.37743163
27815,0,0.41707957
27823,0,0.37264106
27856,0,0.3915249
27873,0,0.44846067
27883,0,0.38874903
27885,1,0.8090278
27887,1,0.81640327
27899,0,0.3743244
27921,0,0.3835979
27924,0,0.38183436
27927,0,0.36012268
27929,0,0.4025246
27932,0,0.38438892
27943,0,0.3716853
27945,0,0.3716853
27952,0,0.38050154
27957,1,0.79011744
27960,0,0.448375
27966,0,0.4109931
27968,1,0.8326868
27980,1,0.76857007
27984,0,0.36993968
27994,0,0.40117458
27995,0,0.39880592
28002,1,0.8326868
28004,1,0.70095366
28006,0,0.44119427
28028,1,0.5455148
28042,1,0.5974661
28043,0,0.22765198
28055,1,0.5507126
28061,0,0.24143603
28063,1,0.5412763
28077,0,0.36065543
28090,1,0.6221289
28093,0,0.39201042
28095,0,0.30663303
28096,1,0.7989215
28098,1,0.8038973
28099,0,0.38285834
28111,0,0.3899939
28115,0,0.38548893
28123,0,0.34235248
28125,0,0.40226558
28126,1,0.7055933
28129,1,0.6181142
28131,0,0.26799208
28139,0,0.36287066
28146,0,0.42507362
28153,1,0.6533048
28155,0,0.36512747
28160,1,0.50713605
28166,0,0.44188935
28167,1,0.68354124
28176,1,0.6528028
28185,0,0.4224335
28187,1,0.7459728
28195,1,0.76762
28203,0,0.3698382
28206,0,0.3596345
28209,0,0.37316132
28210,0,0.38338712
28211,0,0.3252803
28216,0,0.36428002
28234,0,0.37671277
28235,1,0.76762
28248,0,0.39060113
28255,0,0.39414135
28266,0,0.38577142
28277,0,0.3009384
28286,0,0.3896898
28288,0,0.36688608
28289,0,0.49034867
28290,0,0.40799376
28296,0,0.33765668
28300,1,0.8092388
28306,0,0.35926428
28307,0,0.34769118
28309,0,0.30915356
28327,0,0.4153295
28336,0,0.43347505
28345,0,0.3003462
28355,0,0.41969523
28361,0,0.347527
28362,0,0.32290462
28374,0,0.4091311
28380,1,0.5234851
28381,0,0.35158247
28393,0,0.3964409
28394,0,0.4023056
28405,0,0.37762415
28413,0,0.3274953
28426,1,0.6337382
28428,1,0.5158594
28429,1,0.73098594
28442,0,0.39768043
28445,0,0.37773958
28457,1,0.94024265
28459,1,0.75145745
28462,0,0.40986085
28478,0,0.4075177
28490,0,0.37532806
28492,0,0.35692412
28499,0,0.3759955
28500,1,0.5490434
28506,1,0.89765114
28509,0,0.36421892
28513,0,0.44194192
28516,0,0.41342193
28519,1,0.9695042
28526,0,0.41949028
28527,0,0.4188857
28528,1,0.71761554
28533,0,0.37359774
28547,0,0.3788401
28551,0,0.43071142
28563,0,0.48119965
28566,0,0.44682917
28568,0,0.44794455
28580,0,0.399266
28589,0,0.4604053
28590,1,0.89765114
28606,0,0.4091364
28613,0,0.30780682
28615,0,0.4484237
28619,0,0.36610255
28629,0,0.49612176
28633,0,0.4457286
28635,1,0.7826084
28646,0,0.4259687
28648,1,0.7293525
28651,0,0.3532953
28660,1,0.7826084
28681,0,0.36610255
28693,1,0.51598346
28696,0,0.3796884
28703,0,0.40719712
28709,0,0.32896158
28712,1,0.71183306
28718,0,0.32744545
28719,1,0.51788205
28727,0,0.417123
28730,1,0.7415942
28732,1,0.79677564
28740,0,0.36369422
28747,0,0.36610255
28752,1,0.7826084
28757,0,0.42315555
28764,0,0.37627897
28765,0,0.41580057
28770,1,0.7043416
28772,1,0.7989138
28783,0,0.4045332
28786,0,0.3925229
28796,0,0.38193548
28799,1,0.6746947
28806,1,0.75946766
28807,0,0.35797092
28815,0,0.42716512
28818,0,0.40469846
28823,0,0.39190742
28824,0,0.4922728
28831,1,0.95130605
28834,0,0.42445225
28841,0,0.4363917
28848,1,0.8528618
28882,0,0.42237526
28884,0,0.32464916
28904,0,0.44245392
28907,0,0.34264737
28919,0,0.4646473
28920,1,0.6557613
28928,0,0.4262043
28935,0,0.308339
28936,0,0.30475023
28945,0,0.32610962
28950,1,0.5561759
28957,1,0.55280083
28963,0,0.46772593
28974,0,0.30102068
28980,0,0.46358907
28988,1,0.63516515
28999,0,0.37490547
29001,1,0.7664854
29004,0,0.354934
29006,0,0.41300312
29012,0,0.38899085
29018,0,0.33038312
29027,0,0.38780996
29030,0,0.30650052
29032,0,0.40647882
29039,0,0.31317854
29043,0,0.2139121
29056,1,0.64057016
29064,1,0.63130504
29068,0,0.338624
29069,0,0.30698386
29074,0,0.4131621
29076,0,0.3808592
29085,0,0.31309247
29088,1,0.63130504
29091,0,0.36170805
29092,1,0.5914813
29093,0,0.29883382
29094,0,0.4949425
29108,1,0.6061343
29114,0,0.4131138
29115,0,0.4213771
29118,0,0.41104892
29125,0,0.36235842
29127,1,0.6095021
29150,0,0.36061803
29152,0,0.37757882
29155,1,0.7546665
29165,0,0.40344048
29167,0,0.30552825
29174,0,0.29065457
29180,0,0.36630663
29185,0,0.4081642
29190,0,0.3980764
29192,1,0.9558581
29194,0,0.34121475
29220,0,0.34736764
29231,0,0.48372865
29237,1,0.6213126
29240,0,0.47339806
29247,0,0.4027962
29256,0,0.31928563
29275,0,0.3909757
29278,0,0.37850612
29280,0,0.48565525
29286,0,0.37518942
29288,1,0.5400851
29305,1,0.6497503
29327,0,0.30355626
29329,1,0.5774174
29333,0,0.36104676
29335,0,0.36275843
29342,1,0.96689487
29344,0,0.359944
29353,0,0.41609725
29358,0,0.37003136
29373,0,0.35310078
29392,0,0.23589987
29393,1,0.53403956
29395,1,0.93238884
29403,1,0.6977401
29405,1,0.56512856
29410,0,0.35805258
29423,0,0.29314274
29427,1,0.7946782
29429,0,0.3360603
29432,0,0.3167361
29440,1,0.52835697
29447,0,0.39135122
29448,0,0.35127735
29452,1,0.5475669
29455,0,0.33718935
29461,0,0.3220315
29466,0,0.34704724
29474,0,0.3788522
29476,0,0.3016335
29486,0,0.48134476
29494,0,0.3850267
29497,0,0.47719166
29505,0,0.41964856
29511,1,0.7550023
29516,1,0.53451794
29522,0,0.3575924
29523,0,0.41909355
29524,0,0.3939051
29529,0,0.37638214
29533,0,0.29089418
29535,0,0.38791737
29548,0,0.42713916
29551,0,0.3793877
29563,0,0.30228814
29574,1,0.5666834
29575,0,0.30420914
29592,0,0.3503388
29599,0,0.46393174
29608,0,0.31395882
29613,1,0.54157037
29620,0,0.3843528
29630,1,0.8549386
29637,0,0.30650133
29638,0,0.44403383
29643,0,0.41324598
29648,0,0.32986426
29657,0,0.42308798
29659,0,0.36256292
29662,0,0.42168835
29665,0,0.4115206
29699,1,0.8413222
29706,1,0.5299459
29715,1,0.7181962
29716,0,0.41579273
29717,0,0.43112475
29721,1,0.69593287
29731,0,0.43952632
29735,0,0.34233695
29739,0,0.4469968
29742,1,0.6230485
29747,1,0.84670246
29749,1,0.6837153
29754,1,0.94911516
29773,0,0.42090833
29777,0,0.45937127
29779,0,0.33531094
29783,0,0.41021284
29786,0,0.39113924
29805,1,0.7614675
29811,0,0.48775086
29812,0,0.46161792
29815,1,0.5049311
29819,0,0.41810712
29833,0,0.3932054
29847,0,0.4231242
29854,1,0.73127854
29856,0,0.29932714
29859,0,0.3437301
29864,0,0.3935371
29865,0,0.36659324
29867,0,0.3601015
29885,1,0.5114953
29894,0,0.37305173
29900,0,0.38720557
29910,1,0.6276012
29928,0,0.35011068
29942,0,0.36809537
29951,0,0.40698802
29953,0,0.4015398
29962,0,0.3919621
29968,0,0.39882326
29974,1,0.62192726
29980,1,0.7525776
29987,0,0.39102525
29993,1,0.53500336
30001,1,0.6457965
30005,1,0.5139049
30015,0,0.33486003
30034,0,0.38555098
30041,0,0.36737457
30044,0,0.45301157
30058,0,0.32892057
30061,0,0.38215566
30064,0,0.36259633
30065,0,0.3835953
30069,0,0.36702502
30074,0,0.33926967
30076,0,0.41499987
30080,0,0.38215566
30086,1,0.5117223
30087,0,0.3770075
30092,0,0.29285684
30093,1,0.5601944
30096,0,0.39684996
30097,1,0.6173559
30098,0,0.4245594
30102,1,0.60603464
30106,0,0.35295627
30110,1,0.5844215
30111,1,0.9202242
30122,0,0.36374348
30128,0,0.328557
30130,1,0.6534223
30131,0,0.30402663
30132,0,0.28450358
30135,0,0.38905245
30137,1,0.85279167
30157,1,0.67939126
30158,1,0.5759876
30162,0,0.3980121
30170,1,0.6492793
30174,0,0.36406103
30195,1,0.68175346
30196,0,0.3412526
30204,0,0.3814726
30207,1,0.86664516
30209,1,0.6422706
30212,0,0.36129022
30221,0,0.32730258
30225,1,0.6492793
30229,0,0.40753603
30231,0,0.4015898
30233,0,0.36405167
30237,0,0.42749393
30239,0,0.40462044
30242,0,0.36223292
30244,0,0.32200262
30249,0,0.3728174
30262,0,0.3964195
30286,0,0.38021454
30292,0,0.29712752
30303,0,0.31362155
30320,0,0.41093698
30322,0,0.41396403
30355,0,0.38674092
30356,0,0.40974656
30372,0,0.4490342
30375,0,0.4114538
30379,0,0.35045275
30384,0,0.40263733
30386,0,0.36833104
30394,0,0.38555795
30395,0,0.35377565
30396,0,0.3334959
30397,0,0.372911
30402,0,0.42842
30413,0,0.38880527
30416,0,0.3426931
30420,0,0.4132943
30422,1,0.6203006
30432,0,0.31760368
30434,0,0.41717565
30438,0,0.3600289
30444,0,0.41760907
30446,0,0.4156891
30455,0,0.3383439
30457,0,0.37227583
30459,0,0.43254328
30463,0,0.36578006
30468,0,0.40157914
30477,0,0.33195126
30478,0,0.41210207
30481,0,0.35900798
30482,0,0.41444337
30487,0,0.37433895
30491,0,0.36828697
30496,1,0.76833916
30501,0,0.34487778
30506,0,0.32459
30511,0,0.30204818
30513,0,0.35324705
30516,0,0.3553289
30520,0,0.41307718
30531,0,0.3906429
30542,1,0.90802646
30555,0,0.37099618
30557,0,0.3691504
30568,0,0.42624825
30570,1,0.94906014
30584,0,0.36098132
30594,1,0.705142
30614,0,0.4110651
30617,0,0.37525907
30618,1,0.71037596
30631,0,0.3521484
30632,0,0.37305796
30634,1,0.66797954
30636,0,0.30731755
30637,0,0.30731755
30639,0,0.37790295
30647,0,0.33589083
30649,0,0.30336913
30656,0,0.36616772
30660,0,0.38950494
30665,0,0.37519774
30669,0,0.33802477
30681,0,0.326155
30683,1,0.52412266
30687,1,0.70979416
30694,0,0.3064412
